time,n_iter,distance,n_round,sigma,sigma_GKP,sigma_idle,with_info,method,X_err_rate,Z_err_rate,Y_err_rate,avg_n_measure
260604_115235,100000,3,3,0.0785,0.0785,0.0555,True,skip_round_zero_TARGET_3,0.000020000000000,0.000030000000000,0.000000000000000,0.0
260604_115235,100000,3,3,0.0785,0.0785,0.0555,True,adaptive_round_global_joint_success_parity_zero_TARGET_3,0.000110000000000,0.000060000000000,0.000000000000000,1.11188
260604_115235,100000,3,4,0.0785,0.0785,0.0555,True,adaptive_round_global_joint_success_parity_zero_TARGET_3-4,0.000350000000000,0.000290000000000,0.000000000000000,9.119
260604_115235,100000,3,4,0.0785,0.0785,0.0555,True,skip_round_zero_TARGET_3-4,0.000220000000000,0.000240000000000,0.000000000000000,8.0
260604_115235,100000,3,5,0.0785,0.0785,0.0555,True,skip_round_zero_TARGET_3-5,0.000990000000000,0.000680000000000,0.000000000000000,8.0
260604_115235,100000,3,5,0.0785,0.0785,0.0555,True,adaptive_round_global_joint_success_parity_zero_TARGET_3-5,0.000880000000000,0.000690000000000,0.000000000000000,11.01856
260604_115229,100000,3,6,0.0785,0.0785,0.0555,True,skip_round_zero_TARGET_3-6,0.000900000000000,0.001090000000000,0.000000000000000,8.0
260604_115229,100000,3,6,0.0785,0.0785,0.0555,True,adaptive_round_global_joint_success_parity_zero_TARGET_3-6,0.001210000000000,0.001210000000000,0.000000000000000,11.86316
260604_115229,100000,3,7,0.0785,0.0785,0.0555,True,adaptive_round_global_joint_success_parity_zero_TARGET_3-6-7,0.001830000000000,0.001750000000000,0.000000000000000,19.86076
260604_115229,100000,3,7,0.0785,0.0785,0.0555,True,skip_round_zero_TARGET_3-6-7,0.001740000000000,0.001560000000000,0.000010000000000,16.0
260604_115229,100000,3,8,0.0785,0.0785,0.0555,True,skip_round_zero_TARGET_3-6-8,0.002650000000000,0.002500000000000,0.000010000000000,16.0
260604_115229,100000,3,8,0.0785,0.0785,0.0555,True,adaptive_round_global_joint_success_parity_zero_TARGET_3-6-8,0.002690000000000,0.002290000000000,0.000000000000000,21.78728
260604_115226,100000,3,9,0.0785,0.0785,0.0555,True,skip_round_zero_TARGET_3-6-9,0.002910000000000,0.002980000000000,0.000010000000000,16.0
260604_115226,100000,3,9,0.0785,0.0785,0.0555,True,adaptive_round_global_joint_success_parity_zero_TARGET_3-6-9,0.003010000000000,0.002940000000000,0.000010000000000,22.61192
260604_115226,100000,3,10,0.0785,0.0785,0.0555,True,skip_round_zero_TARGET_3-6-9-10,0.003660000000000,0.003670000000000,0.000010000000000,24.0
260604_115226,100000,3,10,0.0785,0.0785,0.0555,True,adaptive_round_global_joint_success_parity_zero_TARGET_3-6-9-10,0.003220000000000,0.003360000000000,0.000020000000000,30.61404
260604_115226,100000,3,11,0.0785,0.0785,0.0555,True,skip_round_zero_TARGET_3-6-9-11,0.004450000000000,0.005030000000000,0.000020000000000,24.0
260604_115226,100000,3,11,0.0785,0.0785,0.0555,True,adaptive_round_global_joint_success_parity_zero_TARGET_3-6-9-11,0.004060000000000,0.004110000000000,0.000030000000000,32.53096
260604_115346,100000,3,12,0.0785,0.0785,0.0555,True,skip_round_zero_TARGET_3-6-9-12,0.005260000000000,0.004730000000000,0.000010000000000,24.0
260604_115346,100000,3,12,0.0785,0.0785,0.0555,True,adaptive_round_global_joint_success_parity_zero_TARGET_3-6-9-12,0.004640000000000,0.004560000000000,0.000030000000000,33.36208
260604_115402,100000,3,13,0.0785,0.0785,0.0555,True,skip_round_zero_TARGET_3-6-9-12-13,0.005840000000000,0.006090000000000,0.000030000000000,32.0
260604_115403,100000,3,13,0.0785,0.0785,0.0555,True,adaptive_round_global_joint_success_parity_zero_TARGET_3-6-9-12-13,0.005380000000000,0.004950000000000,0.000040000000000,41.30952
260604_115421,100000,3,14,0.0785,0.0785,0.0555,True,skip_round_zero_TARGET_3-6-9-12-14,0.007510000000000,0.007060000000000,0.000010000000000,32.0
260604_115419,100000,3,14,0.0785,0.0785,0.0555,True,adaptive_round_global_joint_success_parity_zero_TARGET_3-6-9-12-14,0.006170000000000,0.006040000000000,0.000060000000000,43.27344
260604_115434,100000,3,15,0.0785,0.0785,0.0555,True,skip_round_zero_TARGET_3-6-9-12-15,0.007730000000000,0.007550000000000,0.000050000000000,32.0
260604_115434,100000,3,15,0.0785,0.0785,0.0555,True,adaptive_round_global_joint_success_parity_zero_TARGET_3-6-9-12-15,0.006210000000000,0.006490000000000,0.000060000000000,44.09912
260604_115451,100000,3,16,0.0785,0.0785,0.0555,True,skip_round_zero_TARGET_3-6-9-12-15-16,0.008080000000000,0.007730000000000,0.000070000000000,40.0
260604_115451,100000,3,16,0.0785,0.0785,0.0555,True,adaptive_round_global_joint_success_parity_zero_TARGET_3-6-9-12-15-16,0.006850000000000,0.006480000000000,0.000040000000000,52.07616
260604_115510,100000,3,17,0.0785,0.0785,0.0555,True,skip_round_zero_TARGET_3-6-9-12-15-17,0.008520000000000,0.008490000000000,0.000100000000000,40.0
260604_115508,100000,3,17,0.0785,0.0785,0.0555,True,adaptive_round_global_joint_success_parity_zero_TARGET_3-6-9-12-15-17,0.008120000000000,0.007630000000000,0.000070000000000,54.01532
260604_115526,100000,3,18,0.0785,0.0785,0.0555,True,skip_round_zero_TARGET_3-6-9-12-15-18,0.009500000000000,0.009600000000000,0.000070000000000,40.0
260604_115526,100000,3,18,0.0785,0.0785,0.0555,True,adaptive_round_global_joint_success_parity_zero_TARGET_3-6-9-12-15-18,0.008220000000000,0.008010000000000,0.000050000000000,54.87624
260604_115545,100000,3,19,0.0785,0.0785,0.0555,True,skip_round_zero_TARGET_3-6-9-12-15-18-19,0.010310000000000,0.010040000000000,0.000120000000000,48.0
260604_115543,100000,3,19,0.0785,0.0785,0.0555,True,adaptive_round_global_joint_success_parity_zero_TARGET_3-6-9-12-15-18-19,0.008690000000000,0.008280000000000,0.000060000000000,62.77624
260604_115607,100000,3,20,0.0785,0.0785,0.0555,True,skip_round_zero_TARGET_3-6-9-12-15-18-20,0.011320000000000,0.010750000000000,0.000130000000000,48.0
260604_115602,100000,3,20,0.0785,0.0785,0.0555,True,adaptive_round_global_joint_success_parity_zero_TARGET_3-6-9-12-15-18-20,0.009620000000000,0.009580000000000,0.000100000000000,64.78092
260604_115750,100000,3,21,0.0785,0.0785,0.0555,True,skip_round_zero_TARGET_3-6-9-12-15-18-21,0.011360000000000,0.011030000000000,0.000140000000000,48.0
260604_115743,100000,3,21,0.0785,0.0785,0.0555,True,adaptive_round_global_joint_success_parity_zero_TARGET_3-6-9-12-15-18-21,0.009040000000000,0.009540000000000,0.000040000000000,65.56504
260604_115825,100000,3,22,0.0785,0.0785,0.0555,True,skip_round_zero_TARGET_3-6-9-12-15-18-21-22,0.012450000000000,0.012600000000000,0.000190000000000,56.0
260604_115821,100000,3,22,0.0785,0.0785,0.0555,True,adaptive_round_global_joint_success_parity_zero_TARGET_3-6-9-12-15-18-21-22,0.010550000000000,0.010310000000000,0.000150000000000,73.60412
260604_115902,100000,3,23,0.0785,0.0785,0.0555,True,skip_round_zero_TARGET_3-6-9-12-15-18-21-23,0.013640000000000,0.013310000000000,0.000170000000000,56.0
260604_115900,100000,3,23,0.0785,0.0785,0.0555,True,adaptive_round_global_joint_success_parity_zero_TARGET_3-6-9-12-15-18-21-23,0.011040000000000,0.010900000000000,0.000120000000000,75.47372
260604_115936,100000,3,24,0.0785,0.0785,0.0555,True,skip_round_zero_TARGET_3-6-9-12-15-18-21-24,0.014100000000000,0.013540000000000,0.000200000000000,56.0
260604_115931,100000,3,24,0.0785,0.0785,0.0555,True,adaptive_round_global_joint_success_parity_zero_TARGET_3-6-9-12-15-18-21-24,0.011350000000000,0.010830000000000,0.000120000000000,76.34472
260604_120018,100000,3,25,0.0785,0.0785,0.0555,True,skip_round_zero_TARGET_3-6-9-12-15-18-21-24-25,0.015080000000000,0.014080000000000,0.000170000000000,64.0
260604_120012,100000,3,25,0.0785,0.0785,0.0555,True,adaptive_round_global_joint_success_parity_zero_TARGET_3-6-9-12-15-18-21-24-25,0.012200000000000,0.011580000000000,0.000230000000000,84.35348
260604_120100,100000,3,26,0.0785,0.0785,0.0555,True,skip_round_zero_TARGET_3-6-9-12-15-18-21-24-26,0.016170000000000,0.015450000000000,0.000190000000000,64.0
260604_120047,100000,3,26,0.0785,0.0785,0.0555,True,adaptive_round_global_joint_success_parity_zero_TARGET_3-6-9-12-15-18-21-24-26,0.013000000000000,0.012590000000000,0.000190000000000,86.22264
260604_120134,100000,3,27,0.0785,0.0785,0.0555,True,skip_round_zero_TARGET_3-6-9-12-15-18-21-24-27,0.015800000000000,0.016100000000000,0.000230000000000,64.0
260604_120134,100000,3,27,0.0785,0.0785,0.0555,True,adaptive_round_global_joint_success_parity_zero_TARGET_3-6-9-12-15-18-21-24-27,0.012960000000000,0.013660000000000,0.000120000000000,87.05436
260604_120220,100000,3,28,0.0785,0.0785,0.0555,True,skip_round_zero_TARGET_3-6-9-12-15-18-21-24-27-28,0.016720000000000,0.015840000000000,0.000240000000000,72.0
260604_120204,100000,3,28,0.0785,0.0785,0.0555,True,adaptive_round_global_joint_success_parity_zero_TARGET_3-6-9-12-15-18-21-24-27-28,0.014010000000000,0.012870000000000,0.000200000000000,95.03188
260604_120303,100000,3,29,0.0785,0.0785,0.0555,True,skip_round_zero_TARGET_3-6-9-12-15-18-21-24-27-29,0.018020000000000,0.016990000000000,0.000420000000000,72.0
260604_120247,100000,3,29,0.0785,0.0785,0.0555,True,adaptive_round_global_joint_success_parity_zero_TARGET_3-6-9-12-15-18-21-24-27-29,0.014510000000000,0.013780000000000,0.000300000000000,97.00288
260604_120508,100000,3,30,0.0785,0.0785,0.0555,True,skip_round_zero_TARGET_3-6-9-12-15-18-21-24-27-30,0.018240000000000,0.017090000000000,0.000310000000000,72.0
260604_120508,100000,3,30,0.0785,0.0785,0.0555,True,adaptive_round_global_joint_success_parity_zero_TARGET_3-6-9-12-15-18-21-24-27-30,0.015030000000000,0.014160000000000,0.000220000000000,97.80992
260604_120616,100000,3,31,0.0785,0.0785,0.0555,True,skip_round_zero_TARGET_3-6-9-12-15-18-21-24-27-30-31,0.019370000000000,0.018320000000000,0.000290000000000,80.0
260604_120554,100000,3,31,0.0785,0.0785,0.0555,True,adaptive_round_global_joint_success_parity_zero_TARGET_3-6-9-12-15-18-21-24-27-30-31,0.015200000000000,0.015280000000000,0.000270000000000,105.87504
260604_120723,100000,3,32,0.0785,0.0785,0.0555,True,skip_round_zero_TARGET_3-6-9-12-15-18-21-24-27-30-32,0.020530000000000,0.019840000000000,0.000440000000000,80.0
260604_120657,100000,3,32,0.0785,0.0785,0.0555,True,adaptive_round_global_joint_success_parity_zero_TARGET_3-6-9-12-15-18-21-24-27-30-32,0.016690000000000,0.015450000000000,0.000280000000000,107.69828
260604_120818,100000,3,33,0.0785,0.0785,0.0555,True,skip_round_zero_TARGET_3-6-9-12-15-18-21-24-27-30-33,0.019950000000000,0.019570000000000,0.000350000000000,80.0
260604_120751,100000,3,33,0.0785,0.0785,0.0555,True,adaptive_round_global_joint_success_parity_zero_TARGET_3-6-9-12-15-18-21-24-27-30-33,0.016800000000000,0.016210000000000,0.000310000000000,108.58332
260604_120950,100000,3,34,0.0785,0.0785,0.0555,True,skip_round_zero_TARGET_3-6-9-12-15-18-21-24-27-30-33-34,0.021040000000000,0.020510000000000,0.000420000000000,88.0
260604_120902,100000,3,34,0.0785,0.0785,0.0555,True,adaptive_round_global_joint_success_parity_zero_TARGET_3-6-9-12-15-18-21-24-27-30-33-34,0.017380000000000,0.016610000000000,0.000350000000000,116.58444
260604_121031,100000,3,35,0.0785,0.0785,0.0555,True,skip_round_zero_TARGET_3-6-9-12-15-18-21-24-27-30-33-35,0.021790000000000,0.021280000000000,0.000560000000000,88.0
260604_121018,100000,3,35,0.0785,0.0785,0.0555,True,adaptive_round_global_joint_success_parity_zero_TARGET_3-6-9-12-15-18-21-24-27-30-33-35,0.017920000000000,0.017610000000000,0.000270000000000,118.46472
260604_121135,100000,3,36,0.0785,0.0785,0.0555,True,skip_round_zero_TARGET_3-6-9-12-15-18-21-24-27-30-33-36,0.022220000000000,0.020790000000000,0.000490000000000,88.0
260604_121100,100000,3,36,0.0785,0.0785,0.0555,True,adaptive_round_global_joint_success_parity_zero_TARGET_3-6-9-12-15-18-21-24-27-30-33-36,0.018180000000000,0.018860000000000,0.000420000000000,119.3268
260604_121251,100000,3,37,0.0785,0.0785,0.0555,True,skip_round_zero_TARGET_3-6-9-12-15-18-21-24-27-30-33-36-37,0.022250000000000,0.022480000000000,0.000510000000000,96.0
260604_121219,100000,3,37,0.0785,0.0785,0.0555,True,adaptive_round_global_joint_success_parity_zero_TARGET_3-6-9-12-15-18-21-24-27-30-33-36-37,0.018880000000000,0.018170000000000,0.000380000000000,127.36772
260604_121403,100000,3,38,0.0785,0.0785,0.0555,True,skip_round_zero_TARGET_3-6-9-12-15-18-21-24-27-30-33-36-38,0.023890000000000,0.023600000000000,0.000530000000000,96.0
260604_121331,100000,3,38,0.0785,0.0785,0.0555,True,adaptive_round_global_joint_success_parity_zero_TARGET_3-6-9-12-15-18-21-24-27-30-33-36-38,0.020440000000000,0.018660000000000,0.000490000000000,129.22256
260604_121653,100000,3,39,0.0785,0.0785,0.0555,True,skip_round_zero_TARGET_3-6-9-12-15-18-21-24-27-30-33-36-39,0.024340000000000,0.023530000000000,0.000580000000000,96.0
260604_121556,100000,3,39,0.0785,0.0785,0.0555,True,adaptive_round_global_joint_success_parity_zero_TARGET_3-6-9-12-15-18-21-24-27-30-33-36-39,0.019630000000000,0.018850000000000,0.000480000000000,130.0422
260604_121819,100000,3,40,0.0785,0.0785,0.0555,True,skip_round_zero_TARGET_3-6-9-12-15-18-21-24-27-30-33-36-39-40,0.024740000000000,0.024390000000000,0.000550000000000,104.0
260604_121736,100000,3,40,0.0785,0.0785,0.0555,True,adaptive_round_global_joint_success_parity_zero_TARGET_3-6-9-12-15-18-21-24-27-30-33-36-39-40,0.020260000000000,0.019990000000000,0.000440000000000,138.04596
260604_121955,100000,3,41,0.0785,0.0785,0.0555,True,skip_round_zero_TARGET_3-6-9-12-15-18-21-24-27-30-33-36-39-41,0.026360000000000,0.026440000000000,0.000690000000000,104.0
260604_121920,100000,3,41,0.0785,0.0785,0.0555,True,adaptive_round_global_joint_success_parity_zero_TARGET_3-6-9-12-15-18-21-24-27-30-33-36-39-41,0.021430000000000,0.020440000000000,0.000580000000000,140.00868
260604_122112,100000,3,42,0.0785,0.0785,0.0555,True,skip_round_zero_TARGET_3-6-9-12-15-18-21-24-27-30-33-36-39-42,0.026430000000000,0.026050000000000,0.000770000000000,104.0
260604_122029,100000,3,42,0.0785,0.0785,0.0555,True,adaptive_round_global_joint_success_parity_zero_TARGET_3-6-9-12-15-18-21-24-27-30-33-36-39-42,0.022460000000000,0.020490000000000,0.000460000000000,140.8048
260604_122324,100000,3,43,0.0785,0.0785,0.0555,True,skip_round_zero_TARGET_3-6-9-12-15-18-21-24-27-30-33-36-39-42-43,0.027480000000000,0.026990000000000,0.000840000000000,112.0
260604_123854,100000,5,5,0.0785,0.0785,0.0555,True,adaptive_round_global_joint_success_parity_zero_TARGET_5,0.000030000000000,0.000040000000000,0.000000000000000,8.57028
260604_122245,100000,3,43,0.0785,0.0785,0.0555,True,adaptive_round_global_joint_success_parity_zero_TARGET_3-6-9-12-15-18-21-24-27-30-33-36-39-42-43,0.022520000000000,0.021830000000000,0.000550000000000,148.8372
260604_122510,100000,3,44,0.0785,0.0785,0.0555,True,skip_round_zero_TARGET_3-6-9-12-15-18-21-24-27-30-33-36-39-42-44,0.028450000000000,0.027610000000000,0.000750000000000,112.0
260604_124037,100000,5,5,0.0785,0.0785,0.0555,True,skip_round_zero_TARGET_5,0.000000000000000,0.000000000000000,0.000000000000000,0.0
260604_122612,100000,3,45,0.0785,0.0785,0.0555,True,skip_round_zero_TARGET_3-6-9-12-15-18-21-24-27-30-33-36-39-42-45,0.028390000000000,0.027100000000000,0.000850000000000,112.0
260604_124123,100000,5,6,0.0785,0.0785,0.0555,True,adaptive_round_global_joint_success_parity_zero_TARGET_5-6,0.000050000000000,0.000060000000000,0.000000000000000,32.50848
260604_122410,100000,3,44,0.0785,0.0785,0.0555,True,adaptive_round_global_joint_success_parity_zero_TARGET_3-6-9-12-15-18-21-24-27-30-33-36-39-42-44,0.023140000000000,0.022090000000000,0.000750000000000,150.70756
260604_124214,100000,5,6,0.0785,0.0785,0.0555,True,skip_round_zero_TARGET_5-6,0.000090000000000,0.000070000000000,0.000000000000000,24.0
260604_122519,100000,3,45,0.0785,0.0785,0.0555,True,adaptive_round_global_joint_success_parity_zero_TARGET_3-6-9-12-15-18-21-24-27-30-33-36-39-42-45,0.023340000000000,0.022260000000000,0.000650000000000,151.50228
260604_124341,100000,5,7,0.0785,0.0785,0.0555,True,skip_round_zero_TARGET_5-7,0.000210000000000,0.000170000000000,0.000000000000000,24.0
260604_122838,100000,3,46,0.0785,0.0785,0.0555,True,skip_round_zero_TARGET_3-6-9-12-15-18-21-24-27-30-33-36-39-42-45-46,0.029250000000000,0.029140000000000,0.001030000000000,120.0
260604_124336,100000,5,7,0.0785,0.0785,0.0555,True,adaptive_round_global_joint_success_parity_zero_TARGET_5-7,0.000250000000000,0.000240000000000,0.000000000000000,41.0796
260604_124352,100000,5,8,0.0785,0.0785,0.0555,True,adaptive_round_global_joint_success_parity_zero_TARGET_5-8,0.000320000000000,0.000460000000000,0.000000000000000,45.13128
260604_124457,100000,5,8,0.0785,0.0785,0.0555,True,skip_round_zero_TARGET_5-8,0.000220000000000,0.000200000000000,0.000000000000000,24.0
260604_122724,100000,3,46,0.0785,0.0785,0.0555,True,adaptive_round_global_joint_success_parity_zero_TARGET_3-6-9-12-15-18-21-24-27-30-33-36-39-42-45-46,0.024770000000000,0.023520000000000,0.000710000000000,159.55968
260604_123044,100000,3,47,0.0785,0.0785,0.0555,True,skip_round_zero_TARGET_3-6-9-12-15-18-21-24-27-30-33-36-39-42-45-47,0.030280000000000,0.028730000000000,0.001050000000000,120.0
260604_124535,100000,5,9,0.0785,0.0785,0.0555,True,skip_round_zero_TARGET_5-9,0.000300000000000,0.000290000000000,0.000000000000000,24.0
260604_124532,100000,5,9,0.0785,0.0785,0.0555,True,adaptive_round_global_joint_success_parity_zero_TARGET_5-9,0.000390000000000,0.000450000000000,0.000000000000000,48.05496
260604_122855,100000,3,47,0.0785,0.0785,0.0555,True,adaptive_round_global_joint_success_parity_zero_TARGET_3-6-9-12-15-18-21-24-27-30-33-36-39-42-45-47,0.024840000000000,0.024590000000000,0.000600000000000,161.48324
260604_124614,100000,5,10,0.0785,0.0785,0.0555,True,adaptive_round_global_joint_success_parity_zero_TARGET_5-10,0.000460000000000,0.000550000000000,0.000000000000000,50.52552
260604_124713,100000,5,10,0.0785,0.0785,0.0555,True,skip_round_zero_TARGET_5-10,0.000490000000000,0.000330000000000,0.000000000000000,24.0
260604_123354,100000,3,48,0.0785,0.0785,0.0555,True,skip_round_zero_TARGET_3-6-9-12-15-18-21-24-27-30-33-36-39-42-45-48,0.029420000000000,0.028790000000000,0.000890000000000,120.0
260604_124824,100000,5,11,0.0785,0.0785,0.0555,True,skip_round_zero_TARGET_5-10-11,0.000770000000000,0.000660000000000,0.000000000000000,48.0
260604_124820,100000,5,11,0.0785,0.0785,0.0555,True,adaptive_round_global_joint_success_parity_zero_TARGET_5-10-11,0.000920000000000,0.000810000000000,0.000000000000000,74.51892
260604_123214,100000,3,48,0.0785,0.0785,0.0555,True,adaptive_round_global_joint_success_parity_zero_TARGET_3-6-9-12-15-18-21-24-27-30-33-36-39-42-45-48,0.025900000000000,0.023690000000000,0.000630000000000,162.26372
260604_123558,100000,3,49,0.0785,0.0785,0.0555,True,skip_round_zero_TARGET_3-6-9-12-15-18-21-24-27-30-33-36-39-42-45-48-49,0.031870000000000,0.030360000000000,0.001080000000000,128.0
260604_124931,100000,5,12,0.0785,0.0785,0.0555,True,skip_round_zero_TARGET_5-10-12,0.001060000000000,0.001010000000000,0.000010000000000,48.0
260604_124827,100000,5,12,0.0785,0.0785,0.0555,True,adaptive_round_global_joint_success_parity_zero_TARGET_5-10-12,0.001070000000000,0.001010000000000,0.000000000000000,83.11368
260604_125040,100000,5,13,0.0785,0.0785,0.0555,True,skip_round_zero_TARGET_5-10-13,0.000990000000000,0.001360000000000,0.000000000000000,48.0
260604_123428,100000,3,49,0.0785,0.0785,0.0555,True,adaptive_round_global_joint_success_parity_zero_TARGET_3-6-9-12-15-18-21-24-27-30-33-36-39-42-45-48-49,0.025760000000000,0.024560000000000,0.000730000000000,170.30104
260604_125018,100000,5,13,0.0785,0.0785,0.0555,True,adaptive_round_global_joint_success_parity_zero_TARGET_5-10-13,0.001260000000000,0.001250000000000,0.000000000000000,87.32436
260604_123830,100000,3,50,0.0785,0.0785,0.0555,True,skip_round_zero_TARGET_3-6-9-12-15-18-21-24-27-30-33-36-39-42-45-48-50,0.031360000000000,0.030860000000000,0.001130000000000,128.0
260604_125134,100000,5,14,0.0785,0.0785,0.0555,True,skip_round_zero_TARGET_5-10-14,0.001320000000000,0.001300000000000,0.000000000000000,48.0
260604_125112,100000,5,14,0.0785,0.0785,0.0555,True,adaptive_round_global_joint_success_parity_zero_TARGET_5-10-14,0.001310000000000,0.001240000000000,0.000000000000000,90.14148
260604_123631,100000,3,50,0.0785,0.0785,0.0555,True,adaptive_round_global_joint_success_parity_zero_TARGET_3-6-9-12-15-18-21-24-27-30-33-36-39-42-45-48-50,0.026110000000000,0.024610000000000,0.000610000000000,172.22828
260604_125309,100000,5,15,0.0785,0.0785,0.0555,True,skip_round_zero_TARGET_5-10-15,0.001530000000000,0.001380000000000,0.000000000000000,48.0
260604_125151,100000,5,15,0.0785,0.0785,0.0555,True,adaptive_round_global_joint_success_parity_zero_TARGET_5-10-15,0.001250000000000,0.001420000000000,0.000000000000000,92.58288
260604_125349,100000,5,16,0.0785,0.0785,0.0555,True,skip_round_zero_TARGET_5-10-15-16,0.001900000000000,0.001990000000000,0.000000000000000,72.0
260604_125331,100000,5,16,0.0785,0.0785,0.0555,True,adaptive_round_global_joint_success_parity_zero_TARGET_5-10-15-16,0.001960000000000,0.001590000000000,0.000000000000000,116.7504
260604_125604,100000,5,17,0.0785,0.0785,0.0555,True,skip_round_zero_TARGET_5-10-15-17,0.002560000000000,0.002640000000000,0.000010000000000,72.0
260604_125654,100000,5,18,0.0785,0.0785,0.0555,True,skip_round_zero_TARGET_5-10-15-18,0.002950000000000,0.002920000000000,0.000000000000000,72.0
260604_125447,100000,5,17,0.0785,0.0785,0.0555,True,adaptive_round_global_joint_success_parity_zero_TARGET_5-10-15-17,0.002120000000000,0.002200000000000,0.000000000000000,125.15856
260604_125801,100000,5,19,0.0785,0.0785,0.0555,True,skip_round_zero_TARGET_5-10-15-19,0.002880000000000,0.003130000000000,0.000010000000000,72.0
260604_125645,100000,5,18,0.0785,0.0785,0.0555,True,adaptive_round_global_joint_success_parity_zero_TARGET_5-10-15-18,0.002270000000000,0.002220000000000,0.000000000000000,129.29124
260604_125958,100000,5,20,0.0785,0.0785,0.0555,True,skip_round_zero_TARGET_5-10-15-20,0.003130000000000,0.003050000000000,0.000010000000000,72.0
260604_125751,100000,5,19,0.0785,0.0785,0.0555,True,adaptive_round_global_joint_success_parity_zero_TARGET_5-10-15-19,0.002430000000000,0.002700000000000,0.000000000000000,132.1416
260604_125802,100000,5,20,0.0785,0.0785,0.0555,True,adaptive_round_global_joint_success_parity_zero_TARGET_5-10-15-20,0.002590000000000,0.002720000000000,0.000000000000000,134.78928
260604_130104,100000,5,21,0.0785,0.0785,0.0555,True,skip_round_zero_TARGET_5-10-15-20-21,0.003610000000000,0.003630000000000,0.000010000000000,96.0
260604_130141,100000,5,22,0.0785,0.0785,0.0555,True,skip_round_zero_TARGET_5-10-15-20-22,0.003820000000000,0.004260000000000,0.000030000000000,96.0
260604_130336,100000,5,23,0.0785,0.0785,0.0555,True,skip_round_zero_TARGET_5-10-15-20-23,0.004470000000000,0.004570000000000,0.000020000000000,96.0
260604_130036,100000,5,21,0.0785,0.0785,0.0555,True,adaptive_round_global_joint_success_parity_zero_TARGET_5-10-15-20-21,0.003060000000000,0.002960000000000,0.000010000000000,158.67528
260604_130410,100000,5,24,0.0785,0.0785,0.0555,True,skip_round_zero_TARGET_5-10-15-20-24,0.004500000000000,0.004820000000000,0.000020000000000,96.0
260604_130103,100000,5,22,0.0785,0.0785,0.0555,True,adaptive_round_global_joint_success_parity_zero_TARGET_5-10-15-20-22,0.003180000000000,0.003100000000000,0.000000000000000,167.17824
260604_130810,100000,5,25,0.0785,0.0785,0.0555,True,skip_round_zero_TARGET_5-10-15-20-25,0.004610000000000,0.004850000000000,0.000010000000000,96.0
260604_130229,100000,5,23,0.0785,0.0785,0.0555,True,adaptive_round_global_joint_success_parity_zero_TARGET_5-10-15-20-23,0.003470000000000,0.003120000000000,0.000030000000000,171.61668
260604_130341,100000,5,24,0.0785,0.0785,0.0555,True,adaptive_round_global_joint_success_parity_zero_TARGET_5-10-15-20-24,0.003550000000000,0.003340000000000,0.000060000000000,174.14604
260604_131043,100000,5,26,0.0785,0.0785,0.0555,True,skip_round_zero_TARGET_5-10-15-20-25-26,0.005860000000000,0.005480000000000,0.000030000000000,120.0
260604_130552,100000,5,25,0.0785,0.0785,0.0555,True,adaptive_round_global_joint_success_parity_zero_TARGET_5-10-15-20-25,0.003580000000000,0.003610000000000,0.000020000000000,176.88924
260604_131246,100000,5,27,0.0785,0.0785,0.0555,True,skip_round_zero_TARGET_5-10-15-20-25-27,0.006210000000000,0.005960000000000,0.000080000000000,120.0
260604_131513,100000,5,28,0.0785,0.0785,0.0555,True,skip_round_zero_TARGET_5-10-15-20-25-28,0.006190000000000,0.006190000000000,0.000070000000000,120.0
260604_130902,100000,5,26,0.0785,0.0785,0.0555,True,adaptive_round_global_joint_success_parity_zero_TARGET_5-10-15-20-25-26,0.004340000000000,0.004100000000000,0.000010000000000,200.82804
260604_131834,100000,5,29,0.0785,0.0785,0.0555,True,skip_round_zero_TARGET_5-10-15-20-25-29,0.006130000000000,0.006590000000000,0.000040000000000,120.0
260604_132028,100000,5,30,0.0785,0.0785,0.0555,True,skip_round_zero_TARGET_5-10-15-20-25-30,0.006940000000000,0.006420000000000,0.000030000000000,120.0
260604_131051,100000,5,27,0.0785,0.0785,0.0555,True,adaptive_round_global_joint_success_parity_zero_TARGET_5-10-15-20-25-27,0.004150000000000,0.004240000000000,0.000030000000000,209.20896
260604_131412,100000,5,28,0.0785,0.0785,0.0555,True,adaptive_round_global_joint_success_parity_zero_TARGET_5-10-15-20-25-28,0.004210000000000,0.004330000000000,0.000010000000000,213.43908
260604_132407,100000,5,31,0.0785,0.0785,0.0555,True,skip_round_zero_TARGET_5-10-15-20-25-30-31,0.007160000000000,0.007140000000000,0.000030000000000,144.0
260604_131644,100000,5,29,0.0785,0.0785,0.0555,True,adaptive_round_global_joint_success_parity_zero_TARGET_5-10-15-20-25-29,0.004610000000000,0.004640000000000,0.000000000000000,216.54084
260604_132645,100000,5,32,0.0785,0.0785,0.0555,True,skip_round_zero_TARGET_5-10-15-20-25-30-32,0.007790000000000,0.007520000000000,0.000040000000000,144.0
260604_131944,100000,5,30,0.0785,0.0785,0.0555,True,adaptive_round_global_joint_success_parity_zero_TARGET_5-10-15-20-25-30,0.005040000000000,0.004580000000000,0.000040000000000,218.72424
260604_133003,100000,5,33,0.0785,0.0785,0.0555,True,skip_round_zero_TARGET_5-10-15-20-25-30-33,0.007750000000000,0.007880000000000,0.000110000000000,144.0
260604_133540,100000,5,34,0.0785,0.0785,0.0555,True,skip_round_zero_TARGET_5-10-15-20-25-30-34,0.008420000000000,0.007760000000000,0.000040000000000,144.0
260604_132321,100000,5,31,0.0785,0.0785,0.0555,True,adaptive_round_global_joint_success_parity_zero_TARGET_5-10-15-20-25-30-31,0.004950000000000,0.004780000000000,0.000030000000000,242.81244
260604_133902,100000,5,35,0.0785,0.0785,0.0555,True,skip_round_zero_TARGET_5-10-15-20-25-30-35,0.007760000000000,0.008050000000000,0.000100000000000,144.0
260604_132446,100000,5,32,0.0785,0.0785,0.0555,True,adaptive_round_global_joint_success_parity_zero_TARGET_5-10-15-20-25-30-32,0.005420000000000,0.005380000000000,0.000030000000000,251.367
260604_132946,100000,5,33,0.0785,0.0785,0.0555,True,adaptive_round_global_joint_success_parity_zero_TARGET_5-10-15-20-25-30-33,0.005450000000000,0.005610000000000,0.000020000000000,255.44892
260604_134547,100000,5,36,0.0785,0.0785,0.0555,True,skip_round_zero_TARGET_5-10-15-20-25-30-35-36,0.008680000000000,0.009090000000000,0.000060000000000,168.0
260604_135038,100000,5,37,0.0785,0.0785,0.0555,True,skip_round_zero_TARGET_5-10-15-20-25-30-35-37,0.009520000000000,0.009230000000000,0.000080000000000,168.0
260604_133403,100000,5,34,0.0785,0.0785,0.0555,True,adaptive_round_global_joint_success_parity_zero_TARGET_5-10-15-20-25-30-34,0.005530000000000,0.005840000000000,0.000050000000000,258.58236
260604_133641,100000,5,35,0.0785,0.0785,0.0555,True,adaptive_round_global_joint_success_parity_zero_TARGET_5-10-15-20-25-30-35,0.005650000000000,0.005690000000000,0.000020000000000,260.69976
260604_135618,100000,5,38,0.0785,0.0785,0.0555,True,skip_round_zero_TARGET_5-10-15-20-25-30-35-38,0.009960000000000,0.009100000000000,0.000090000000000,168.0
260604_140034,100000,5,39,0.0785,0.0785,0.0555,True,skip_round_zero_TARGET_5-10-15-20-25-30-35-39,0.009960000000000,0.009410000000000,0.000130000000000,168.0
260604_134217,100000,5,36,0.0785,0.0785,0.0555,True,adaptive_round_global_joint_success_parity_zero_TARGET_5-10-15-20-25-30-35-36,0.005970000000000,0.006090000000000,0.000020000000000,284.9358
260604_140537,100000,5,40,0.0785,0.0785,0.0555,True,skip_round_zero_TARGET_5-10-15-20-25-30-35-40,0.010650000000000,0.009930000000000,0.000110000000000,168.0
260604_134656,100000,5,37,0.0785,0.0785,0.0555,True,adaptive_round_global_joint_success_parity_zero_TARGET_5-10-15-20-25-30-35-37,0.006490000000000,0.006240000000000,0.000020000000000,293.46768
260604_141332,100000,5,41,0.0785,0.0785,0.0555,True,skip_round_zero_TARGET_5-10-15-20-25-30-35-40-41,0.010990000000000,0.010700000000000,0.000100000000000,192.0
260604_135047,100000,5,38,0.0785,0.0785,0.0555,True,adaptive_round_global_joint_success_parity_zero_TARGET_5-10-15-20-25-30-35-38,0.006360000000000,0.006750000000000,0.000050000000000,297.48072
260604_141807,100000,5,42,0.0785,0.0785,0.0555,True,skip_round_zero_TARGET_5-10-15-20-25-30-35-40-42,0.011320000000000,0.011230000000000,0.000090000000000,192.0
260604_135818,100000,5,39,0.0785,0.0785,0.0555,True,adaptive_round_global_joint_success_parity_zero_TARGET_5-10-15-20-25-30-35-39,0.006690000000000,0.006110000000000,0.000060000000000,300.30396
260604_143031,100000,5,43,0.0785,0.0785,0.0555,True,skip_round_zero_TARGET_5-10-15-20-25-30-35-40-43,0.012180000000000,0.011670000000000,0.000160000000000,192.0
260604_140157,100000,5,40,0.0785,0.0785,0.0555,True,adaptive_round_global_joint_success_parity_zero_TARGET_5-10-15-20-25-30-35-40,0.007030000000000,0.007290000000000,0.000080000000000,303.07512
260604_153524,100000,7,7,0.0785,0.0785,0.0555,True,adaptive_round_global_joint_success_parity_zero_TARGET_7,0.000010000000000,0.000000000000000,0.000000000000000,18.7776
260604_143744,100000,5,44,0.0785,0.0785,0.0555,True,skip_round_zero_TARGET_5-10-15-20-25-30-35-40-44,0.011270000000000,0.012120000000000,0.000130000000000,192.0
260604_144227,100000,5,45,0.0785,0.0785,0.0555,True,skip_round_zero_TARGET_5-10-15-20-25-30-35-40-45,0.012150000000000,0.012120000000000,0.000070000000000,192.0
260604_154342,100000,7,7,0.0785,0.0785,0.0555,True,skip_round_zero_TARGET_7,0.000000000000000,0.000000000000000,0.000000000000000,0.0
260604_140624,100000,5,41,0.0785,0.0785,0.0555,True,adaptive_round_global_joint_success_parity_zero_TARGET_5-10-15-20-25-30-35-40-41,0.006990000000000,0.007150000000000,0.000050000000000,326.82828
260604_154517,100000,7,8,0.0785,0.0785,0.0555,True,adaptive_round_global_joint_success_parity_zero_TARGET_7-8,0.000030000000000,0.000000000000000,0.000000000000000,66.82344
260604_155042,100000,7,8,0.0785,0.0785,0.0555,True,skip_round_zero_TARGET_7-8,0.000010000000000,0.000010000000000,0.000000000000000,48.0
260604_155140,100000,7,9,0.0785,0.0785,0.0555,True,adaptive_round_global_joint_success_parity_zero_TARGET_7-9,0.000050000000000,0.000030000000000,0.000000000000000,86.05608
260604_155349,100000,7,9,0.0785,0.0785,0.0555,True,skip_round_zero_TARGET_7-9,0.000030000000000,0.000080000000000,0.000000000000000,48.0
260604_155605,100000,7,10,0.0785,0.0785,0.0555,True,adaptive_round_global_joint_success_parity_zero_TARGET_7-10,0.000100000000000,0.000170000000000,0.000000000000000,94.9632
260604_160033,100000,7,10,0.0785,0.0785,0.0555,True,skip_round_zero_TARGET_7-10,0.000070000000000,0.000050000000000,0.000000000000000,48.0
260604_145236,100000,5,46,0.0785,0.0785,0.0555,True,skip_round_zero_TARGET_5-10-15-20-25-30-35-40-45-46,0.013120000000000,0.011640000000000,0.000140000000000,216.0
260604_141658,100000,5,42,0.0785,0.0785,0.0555,True,adaptive_round_global_joint_success_parity_zero_TARGET_5-10-15-20-25-30-35-40-42,0.006800000000000,0.007390000000000,0.000080000000000,335.54592
260604_160512,100000,7,11,0.0785,0.0785,0.0555,True,skip_round_zero_TARGET_7-11,0.000060000000000,0.000120000000000,0.000000000000000,48.0
260604_145857,100000,5,47,0.0785,0.0785,0.0555,True,skip_round_zero_TARGET_5-10-15-20-25-30-35-40-45-47,0.013060000000000,0.013940000000000,0.000220000000000,216.0
260604_160441,100000,7,11,0.0785,0.0785,0.0555,True,adaptive_round_global_joint_success_parity_zero_TARGET_7-11,0.000040000000000,0.000090000000000,0.000000000000000,100.4328
260604_142302,100000,5,43,0.0785,0.0785,0.0555,True,adaptive_round_global_joint_success_parity_zero_TARGET_5-10-15-20-25-30-35-40-43,0.007570000000000,0.007270000000000,0.000020000000000,339.60264
260604_161312,100000,7,12,0.0785,0.0785,0.0555,True,skip_round_zero_TARGET_7-12,0.000070000000000,0.000100000000000,0.000000000000000,48.0
260604_161118,100000,7,12,0.0785,0.0785,0.0555,True,adaptive_round_global_joint_success_parity_zero_TARGET_7-12,0.000210000000000,0.000120000000000,0.000000000000000,104.58
260604_161508,100000,7,13,0.0785,0.0785,0.0555,True,skip_round_zero_TARGET_7-13,0.000110000000000,0.000110000000000,0.000000000000000,48.0
260604_161340,100000,7,13,0.0785,0.0785,0.0555,True,adaptive_round_global_joint_success_parity_zero_TARGET_7-13,0.000240000000000,0.000240000000000,0.000000000000000,107.95584
260604_151313,100000,5,48,0.0785,0.0785,0.0555,True,skip_round_zero_TARGET_5-10-15-20-25-30-35-40-45-48,0.013120000000000,0.013280000000000,0.000220000000000,216.0
260604_143039,100000,5,44,0.0785,0.0785,0.0555,True,adaptive_round_global_joint_success_parity_zero_TARGET_5-10-15-20-25-30-35-40-44,0.007960000000000,0.007830000000000,0.000060000000000,342.31608
260604_162122,100000,7,14,0.0785,0.0785,0.0555,True,skip_round_zero_TARGET_7-14,0.000150000000000,0.000150000000000,0.000000000000000,48.0
260604_161910,100000,7,14,0.0785,0.0785,0.0555,True,adaptive_round_global_joint_success_parity_zero_TARGET_7-14,0.000170000000000,0.000200000000000,0.000000000000000,111.8916
260604_152102,100000,5,49,0.0785,0.0785,0.0555,True,skip_round_zero_TARGET_5-10-15-20-25-30-35-40-45-49,0.013860000000000,0.013310000000000,0.000220000000000,216.0
260604_162554,100000,7,15,0.0785,0.0785,0.0555,True,skip_round_zero_TARGET_7-14-15,0.000290000000000,0.000300000000000,0.000000000000000,96.0
260604_143754,100000,5,45,0.0785,0.0785,0.0555,True,adaptive_round_global_joint_success_parity_zero_TARGET_5-10-15-20-25-30-35-40-45,0.008030000000000,0.007820000000000,0.000030000000000,344.97972
260604_162151,100000,7,15,0.0785,0.0785,0.0555,True,adaptive_round_global_joint_success_parity_zero_TARGET_7-14-15,0.000360000000000,0.000330000000000,0.000000000000000,159.86616
260604_163041,100000,7,16,0.0785,0.0785,0.0555,True,skip_round_zero_TARGET_7-14-16,0.000540000000000,0.000520000000000,0.000000000000000,96.0
260604_163459,100000,7,17,0.0785,0.0785,0.0555,True,skip_round_zero_TARGET_7-14-17,0.000590000000000,0.000610000000000,0.000000000000000,96.0
260604_153510,100000,5,50,0.0785,0.0785,0.0555,True,skip_round_zero_TARGET_5-10-15-20-25-30-35-40-45-50,0.013740000000000,0.013010000000000,0.000130000000000,216.0
260604_162826,100000,7,16,0.0785,0.0785,0.0555,True,adaptive_round_global_joint_success_parity_zero_TARGET_7-14-16,0.000460000000000,0.000410000000000,0.000000000000000,179.0556
260604_163949,100000,7,18,0.0785,0.0785,0.0555,True,skip_round_zero_TARGET_7-14-18,0.000730000000000,0.000600000000000,0.000000000000000,96.0
260604_163221,100000,7,17,0.0785,0.0785,0.0555,True,adaptive_round_global_joint_success_parity_zero_TARGET_7-14-17,0.000500000000000,0.000580000000000,0.000000000000000,187.67784
260604_164345,100000,7,19,0.0785,0.0785,0.0555,True,skip_round_zero_TARGET_7-14-19,0.000640000000000,0.000720000000000,0.000000000000000,96.0
260604_144442,100000,5,46,0.0785,0.0785,0.0555,True,adaptive_round_global_joint_success_parity_zero_TARGET_5-10-15-20-25-30-35-40-45-46,0.008500000000000,0.007660000000000,0.000040000000000,368.94396
260604_164909,100000,7,20,0.0785,0.0785,0.0555,True,skip_round_zero_TARGET_7-14-20,0.000810000000000,0.000900000000000,0.000000000000000,96.0
260604_163845,100000,7,18,0.0785,0.0785,0.0555,True,adaptive_round_global_joint_success_parity_zero_TARGET_7-14-18,0.000710000000000,0.000570000000000,0.000000000000000,193.05048
260604_165314,100000,7,21,0.0785,0.0785,0.0555,True,skip_round_zero_TARGET_7-14-21,0.000980000000000,0.000930000000000,0.000000000000000,96.0
260604_164026,100000,7,19,0.0785,0.0785,0.0555,True,adaptive_round_global_joint_success_parity_zero_TARGET_7-14-19,0.000790000000000,0.000740000000000,0.000000000000000,197.3208
260604_145853,100000,5,47,0.0785,0.0785,0.0555,True,adaptive_round_global_joint_success_parity_zero_TARGET_5-10-15-20-25-30-35-40-45-47,0.008560000000000,0.008830000000000,0.000130000000000,377.69736
260604_164754,100000,7,20,0.0785,0.0785,0.0555,True,adaptive_round_global_joint_success_parity_zero_TARGET_7-14-20,0.000820000000000,0.000600000000000,0.000000000000000,201.15048
260604_170213,100000,7,22,0.0785,0.0785,0.0555,True,skip_round_zero_TARGET_7-14-21-22,0.001230000000000,0.001350000000000,0.000000000000000,144.0
260604_165103,100000,7,21,0.0785,0.0785,0.0555,True,adaptive_round_global_joint_success_parity_zero_TARGET_7-14-21,0.000780000000000,0.000850000000000,0.000000000000000,204.67104
260604_170551,100000,7,23,0.0785,0.0785,0.0555,True,skip_round_zero_TARGET_7-14-21-23,0.001530000000000,0.001880000000000,0.000000000000000,144.0
260604_150959,100000,5,48,0.0785,0.0785,0.0555,True,adaptive_round_global_joint_success_parity_zero_TARGET_5-10-15-20-25-30-35-40-45-48,0.009610000000000,0.008100000000000,0.000110000000000,381.28056
260604_171356,100000,7,24,0.0785,0.0785,0.0555,True,skip_round_zero_TARGET_7-14-21-24,0.001920000000000,0.001800000000000,0.000010000000000,144.0
260604_165608,100000,7,22,0.0785,0.0785,0.0555,True,adaptive_round_global_joint_success_parity_zero_TARGET_7-14-21-22,0.000990000000000,0.000870000000000,0.000000000000000,252.50424
260604_151704,100000,5,49,0.0785,0.0785,0.0555,True,adaptive_round_global_joint_success_parity_zero_TARGET_5-10-15-20-25-30-35-40-45-49,0.009090000000000,0.008750000000000,0.000110000000000,384.44892
260604_171848,100000,7,25,0.0785,0.0785,0.0555,True,skip_round_zero_TARGET_7-14-21-25,0.001600000000000,0.001770000000000,0.000000000000000,144.0
260604_172449,100000,7,26,0.0785,0.0785,0.0555,True,skip_round_zero_TARGET_7-14-21-26,0.001870000000000,0.001790000000000,0.000010000000000,144.0
260604_172950,100000,7,27,0.0785,0.0785,0.0555,True,skip_round_zero_TARGET_7-14-21-27,0.002110000000000,0.001820000000000,0.000020000000000,144.0
260604_152809,100000,5,50,0.0785,0.0785,0.0555,True,adaptive_round_global_joint_success_parity_zero_TARGET_5-10-15-20-25-30-35-40-45-50,0.009470000000000,0.008910000000000,0.000100000000000,386.78376
260604_170508,100000,7,23,0.0785,0.0785,0.0555,True,adaptive_round_global_joint_success_parity_zero_TARGET_7-14-21-23,0.001140000000000,0.001080000000000,0.000000000000000,271.78392
260604_174135,100000,7,28,0.0785,0.0785,0.0555,True,skip_round_zero_TARGET_7-14-21-28,0.002170000000000,0.002140000000000,0.000010000000000,144.0
260604_170849,100000,7,24,0.0785,0.0785,0.0555,True,adaptive_round_global_joint_success_parity_zero_TARGET_7-14-21-24,0.001230000000000,0.001330000000000,0.000010000000000,280.59624
260604_171429,100000,7,25,0.0785,0.0785,0.0555,True,adaptive_round_global_joint_success_parity_zero_TARGET_7-14-21-25,0.001350000000000,0.001230000000000,0.000000000000000,286.0152
260604_174813,100000,7,29,0.0785,0.0785,0.0555,True,skip_round_zero_TARGET_7-14-21-28-29,0.002570000000000,0.002550000000000,0.000000000000000,192.0
260604_172220,100000,7,26,0.0785,0.0785,0.0555,True,adaptive_round_global_joint_success_parity_zero_TARGET_7-14-21-26,0.001420000000000,0.001300000000000,0.000010000000000,290.41824
260604_172901,100000,7,27,0.0785,0.0785,0.0555,True,adaptive_round_global_joint_success_parity_zero_TARGET_7-14-21-27,0.001330000000000,0.001470000000000,0.000000000000000,293.85408
260604_180258,100000,7,30,0.0785,0.0785,0.0555,True,skip_round_zero_TARGET_7-14-21-28-30,0.003080000000000,0.003080000000000,0.000010000000000,192.0
260604_181216,100000,7,31,0.0785,0.0785,0.0555,True,skip_round_zero_TARGET_7-14-21-28-31,0.003030000000000,0.003350000000000,0.000000000000000,192.0
260604_174047,100000,7,28,0.0785,0.0785,0.0555,True,adaptive_round_global_joint_success_parity_zero_TARGET_7-14-21-28,0.001390000000000,0.001220000000000,0.000000000000000,297.40944
260604_181428,100000,7,32,0.0785,0.0785,0.0555,True,skip_round_zero_TARGET_7-14-21-28-32,0.002950000000000,0.003470000000000,0.000000000000000,192.0
260604_183130,100000,7,33,0.0785,0.0785,0.0555,True,skip_round_zero_TARGET_7-14-21-28-33,0.002940000000000,0.003700000000000,0.000020000000000,192.0
260604_183330,100000,7,34,0.0785,0.0785,0.0555,True,skip_round_zero_TARGET_7-14-21-28-34,0.003380000000000,0.003240000000000,0.000010000000000,192.0
260604_174804,100000,7,29,0.0785,0.0785,0.0555,True,adaptive_round_global_joint_success_parity_zero_TARGET_7-14-21-28-29,0.001590000000000,0.001730000000000,0.000000000000000,345.16368
260604_184739,100000,7,35,0.0785,0.0785,0.0555,True,skip_round_zero_TARGET_7-14-21-28-35,0.003470000000000,0.003740000000000,0.000020000000000,192.0
260604_175445,100000,7,30,0.0785,0.0785,0.0555,True,adaptive_round_global_joint_success_parity_zero_TARGET_7-14-21-28-30,0.001670000000000,0.001650000000000,0.000000000000000,364.49496
260604_180612,100000,7,31,0.0785,0.0785,0.0555,True,adaptive_round_global_joint_success_parity_zero_TARGET_7-14-21-28-31,0.001800000000000,0.001900000000000,0.000000000000000,373.6536
260604_191252,100000,7,36,0.0785,0.0785,0.0555,True,skip_round_zero_TARGET_7-14-21-28-35-36,0.004020000000000,0.004390000000000,0.000000000000000,240.0
260604_181317,100000,7,32,0.0785,0.0785,0.0555,True,adaptive_round_global_joint_success_parity_zero_TARGET_7-14-21-28-32,0.001840000000000,0.001740000000000,0.000010000000000,378.94896
260604_192932,100000,7,37,0.0785,0.0785,0.0555,True,skip_round_zero_TARGET_7-14-21-28-35-37,0.004830000000000,0.004310000000000,0.000060000000000,240.0
260604_182323,100000,7,33,0.0785,0.0785,0.0555,True,adaptive_round_global_joint_success_parity_zero_TARGET_7-14-21-28-33,0.001900000000000,0.002110000000000,0.000020000000000,383.15256
260604_194710,100000,7,38,0.0785,0.0785,0.0555,True,skip_round_zero_TARGET_7-14-21-28-35-38,0.004530000000000,0.004520000000000,0.000040000000000,240.0
260604_183314,100000,7,34,0.0785,0.0785,0.0555,True,adaptive_round_global_joint_success_parity_zero_TARGET_7-14-21-28-34,0.002040000000000,0.002060000000000,0.000020000000000,386.72928
260604_195409,100000,7,39,0.0785,0.0785,0.0555,True,skip_round_zero_TARGET_7-14-21-28-35-39,0.004710000000000,0.004960000000000,0.000020000000000,240.0
260604_184715,100000,7,35,0.0785,0.0785,0.0555,True,adaptive_round_global_joint_success_parity_zero_TARGET_7-14-21-28-35,0.002050000000000,0.002100000000000,0.000010000000000,390.58152
260604_202648,100000,7,40,0.0785,0.0785,0.0555,True,skip_round_zero_TARGET_7-14-21-28-35-40,0.005250000000000,0.004630000000000,0.000030000000000,240.0
260604_203909,100000,7,41,0.0785,0.0785,0.0555,True,skip_round_zero_TARGET_7-14-21-28-35-41,0.005670000000000,0.004980000000000,0.000030000000000,240.0
260604_190053,100000,7,36,0.0785,0.0785,0.0555,True,adaptive_round_global_joint_success_parity_zero_TARGET_7-14-21-28-35-36,0.002000000000000,0.002250000000000,0.000000000000000,438.5664
260604_212911,100000,7,42,0.0785,0.0785,0.0555,True,skip_round_zero_TARGET_7-14-21-28-35-42,0.005710000000000,0.005340000000000,0.000040000000000,240.0
260604_191726,100000,7,37,0.0785,0.0785,0.0555,True,adaptive_round_global_joint_success_parity_zero_TARGET_7-14-21-28-35-37,0.002480000000000,0.002530000000000,0.000010000000000,457.30176
260604_215022,100000,7,43,0.0785,0.0785,0.0555,True,skip_round_zero_TARGET_7-14-21-28-35-42-43,0.006010000000000,0.005740000000000,0.000010000000000,288.0
260604_193433,100000,7,38,0.0785,0.0785,0.0555,True,adaptive_round_global_joint_success_parity_zero_TARGET_7-14-21-28-35-38,0.002320000000000,0.002300000000000,0.000000000000000,466.80744
260604_195016,100000,7,39,0.0785,0.0785,0.0555,True,adaptive_round_global_joint_success_parity_zero_TARGET_7-14-21-28-35-39,0.002430000000000,0.002910000000000,0.000000000000000,471.89208
260604_221307,100000,7,44,0.0785,0.0785,0.0555,True,skip_round_zero_TARGET_7-14-21-28-35-42-44,0.005630000000000,0.006500000000000,0.000020000000000,288.0
260605_022149,100000,9,9,0.0785,0.0785,0.0555,True,adaptive_round_global_joint_success_parity_zero_TARGET_9,0.000000000000000,0.000000000000000,0.000000000000000,12.772
260605_023913,100000,9,9,0.0785,0.0785,0.0555,True,skip_round_zero_TARGET_9,0.000000000000000,0.000000000000000,0.000000000000000,0.0
260604_223701,100000,7,45,0.0785,0.0785,0.0555,True,skip_round_zero_TARGET_7-14-21-28-35-42-45,0.006650000000000,0.005960000000000,0.000000000000000,288.0
260604_201436,100000,7,40,0.0785,0.0785,0.0555,True,adaptive_round_global_joint_success_parity_zero_TARGET_7-14-21-28-35-40,0.002850000000000,0.002770000000000,0.000000000000000,476.1456
260605_025716,100000,9,10,0.0785,0.0785,0.0555,True,skip_round_zero_TARGET_9-10,0.000010000000000,0.000010000000000,0.000000000000000,80.0
260605_025550,100000,9,10,0.0785,0.0785,0.0555,True,adaptive_round_global_joint_success_parity_zero_TARGET_9-10,0.000010000000000,0.000000000000000,0.000000000000000,92.8188
260604_230223,100000,7,46,0.0785,0.0785,0.0555,True,skip_round_zero_TARGET_7-14-21-28-35-42-46,0.006770000000000,0.006630000000000,0.000040000000000,288.0
260605_030512,100000,9,11,0.0785,0.0785,0.0555,True,adaptive_round_global_joint_success_parity_zero_TARGET_9-11,0.000020000000000,0.000010000000000,0.000000000000000,125.826
260604_203329,100000,7,41,0.0785,0.0785,0.0555,True,adaptive_round_global_joint_success_parity_zero_TARGET_7-14-21-28-35-41,0.002470000000000,0.002830000000000,0.000010000000000,479.5344
260605_032054,100000,9,11,0.0785,0.0785,0.0555,True,skip_round_zero_TARGET_9-11,0.000000000000000,0.000010000000000,0.000000000000000,80.0
260605_032535,100000,9,12,0.0785,0.0785,0.0555,True,skip_round_zero_TARGET_9-12,0.000020000000000,0.000020000000000,0.000000000000000,80.0
260605_032057,100000,9,12,0.0785,0.0785,0.0555,True,adaptive_round_global_joint_success_parity_zero_TARGET_9-12,0.000050000000000,0.000030000000000,0.000000000000000,140.226
260604_233428,100000,7,47,0.0785,0.0785,0.0555,True,skip_round_zero_TARGET_7-14-21-28-35-42-47,0.006530000000000,0.007180000000000,0.000070000000000,288.0
260604_210135,100000,7,42,0.0785,0.0785,0.0555,True,adaptive_round_global_joint_success_parity_zero_TARGET_7-14-21-28-35-42,0.002990000000000,0.002540000000000,0.000000000000000,483.25296
260605_034837,100000,9,13,0.0785,0.0785,0.0555,True,skip_round_zero_TARGET_9-13,0.000020000000000,0.000030000000000,0.000000000000000,80.0
260605_033845,100000,9,13,0.0785,0.0785,0.0555,True,adaptive_round_global_joint_success_parity_zero_TARGET_9-13,0.000050000000000,0.000030000000000,0.000000000000000,146.6832
260605_035504,100000,9,14,0.0785,0.0785,0.0555,True,skip_round_zero_TARGET_9-14,0.000030000000000,0.000030000000000,0.000000000000000,80.0
260605_034843,100000,9,14,0.0785,0.0785,0.0555,True,adaptive_round_global_joint_success_parity_zero_TARGET_9-14,0.000040000000000,0.000010000000000,0.000000000000000,150.3304
260605_040659,100000,9,15,0.0785,0.0785,0.0555,True,skip_round_zero_TARGET_9-15,0.000060000000000,0.000050000000000,0.000000000000000,80.0
260605_040040,100000,9,15,0.0785,0.0785,0.0555,True,adaptive_round_global_joint_success_parity_zero_TARGET_9-15,0.000050000000000,0.000080000000000,0.000000000000000,153.2388
260605_042123,100000,9,16,0.0785,0.0785,0.0555,True,skip_round_zero_TARGET_9-16,0.000090000000000,0.000030000000000,0.000000000000000,80.0
260605_043102,100000,9,17,0.0785,0.0785,0.0555,True,skip_round_zero_TARGET_9-17,0.000050000000000,0.000070000000000,0.000000000000000,80.0
260605_003304,100000,7,48,0.0785,0.0785,0.0555,True,skip_round_zero_TARGET_7-14-21-28-35-42-48,0.007230000000000,0.006510000000000,0.000050000000000,288.0
260605_041756,100000,9,16,0.0785,0.0785,0.0555,True,adaptive_round_global_joint_success_parity_zero_TARGET_9-16,0.000080000000000,0.000050000000000,0.000000000000000,155.2404
260605_042417,100000,9,17,0.0785,0.0785,0.0555,True,adaptive_round_global_joint_success_parity_zero_TARGET_9-17,0.000030000000000,0.000080000000000,0.000000000000000,156.7996
260605_044611,100000,9,18,0.0785,0.0785,0.0555,True,skip_round_zero_TARGET_9-18,0.000160000000000,0.000100000000000,0.000000000000000,80.0
260605_043908,100000,9,18,0.0785,0.0785,0.0555,True,adaptive_round_global_joint_success_parity_zero_TARGET_9-18,0.000070000000000,0.000050000000000,0.000000000000000,158.878
260605_050404,100000,9,19,0.0785,0.0785,0.0555,True,skip_round_zero_TARGET_9-18-19,0.000220000000000,0.000160000000000,0.000000000000000,160.0
260604_213714,100000,7,43,0.0785,0.0785,0.0555,True,adaptive_round_global_joint_success_parity_zero_TARGET_7-14-21-28-35-42-43,0.003010000000000,0.002890000000000,0.000020000000000,531.51144
260605_014528,100000,7,49,0.0785,0.0785,0.0555,True,skip_round_zero_TARGET_7-14-21-28-35-42-49,0.007010000000000,0.007240000000000,0.000040000000000,288.0
260605_051926,100000,9,20,0.0785,0.0785,0.0555,True,skip_round_zero_TARGET_9-18-20,0.000310000000000,0.000190000000000,0.000000000000000,160.0
260605_045733,100000,9,19,0.0785,0.0785,0.0555,True,adaptive_round_global_joint_success_parity_zero_TARGET_9-18-19,0.000180000000000,0.000120000000000,0.000000000000000,238.8096
260605_053236,100000,9,21,0.0785,0.0785,0.0555,True,skip_round_zero_TARGET_9-18-21,0.000270000000000,0.000300000000000,0.000000000000000,160.0
260605_055347,100000,9,22,0.0785,0.0785,0.0555,True,skip_round_zero_TARGET_9-18-22,0.000390000000000,0.000350000000000,0.000000000000000,160.0
260605_051739,100000,9,20,0.0785,0.0785,0.0555,True,adaptive_round_global_joint_success_parity_zero_TARGET_9-18-20,0.000310000000000,0.000210000000000,0.000000000000000,272.0048
260604_220213,100000,7,44,0.0785,0.0785,0.0555,True,adaptive_round_global_joint_success_parity_zero_TARGET_7-14-21-28-35-42-44,0.003190000000000,0.003270000000000,0.000000000000000,550.55784
260605_052011,100000,9,21,0.0785,0.0785,0.0555,True,adaptive_round_global_joint_success_parity_zero_TARGET_9-18-21,0.000200000000000,0.000280000000000,0.000000000000000,286.074
260605_063018,100000,9,23,0.0785,0.0785,0.0555,True,skip_round_zero_TARGET_9-18-23,0.000480000000000,0.000440000000000,0.000000000000000,160.0
260605_021655,100000,7,50,0.0785,0.0785,0.0555,True,skip_round_zero_TARGET_7-14-21-28-35-42-49-50,0.007140000000000,0.007570000000000,0.000030000000000,336.0
260605_053602,100000,9,22,0.0785,0.0785,0.0555,True,adaptive_round_global_joint_success_parity_zero_TARGET_9-18-22,0.000250000000000,0.000280000000000,0.000000000000000,292.6232
260605_064601,100000,9,24,0.0785,0.0785,0.0555,True,skip_round_zero_TARGET_9-18-24,0.000540000000000,0.000510000000000,0.000000000000000,160.0
260604_222801,100000,7,45,0.0785,0.0785,0.0555,True,adaptive_round_global_joint_success_parity_zero_TARGET_7-14-21-28-35-42-45,0.003090000000000,0.003280000000000,0.000000000000000,558.93888
260605_070701,100000,9,25,0.0785,0.0785,0.0555,True,skip_round_zero_TARGET_9-18-25,0.000600000000000,0.000690000000000,0.000000000000000,160.0
260605_062112,100000,9,23,0.0785,0.0785,0.0555,True,adaptive_round_global_joint_success_parity_zero_TARGET_9-18-23,0.000410000000000,0.000430000000000,0.000000000000000,296.524
260605_074206,100000,9,26,0.0785,0.0785,0.0555,True,skip_round_zero_TARGET_9-18-26,0.000570000000000,0.000630000000000,0.000000000000000,160.0
260604_224158,100000,7,46,0.0785,0.0785,0.0555,True,adaptive_round_global_joint_success_parity_zero_TARGET_7-14-21-28-35-42-46,0.003250000000000,0.002930000000000,0.000010000000000,564.46968
260605_080007,100000,9,27,0.0785,0.0785,0.0555,True,skip_round_zero_TARGET_9-18-27,0.000470000000000,0.000840000000000,0.000000000000000,160.0
260605_064422,100000,9,24,0.0785,0.0785,0.0555,True,adaptive_round_global_joint_success_parity_zero_TARGET_9-18-24,0.000370000000000,0.000340000000000,0.000010000000000,299.4096
260605_065120,100000,9,25,0.0785,0.0785,0.0555,True,adaptive_round_global_joint_success_parity_zero_TARGET_9-18-25,0.000400000000000,0.000400000000000,0.000000000000000,301.3632
260604_231822,100000,7,47,0.0785,0.0785,0.0555,True,adaptive_round_global_joint_success_parity_zero_TARGET_7-14-21-28-35-42-47,0.003390000000000,0.003110000000000,0.000000000000000,568.98648
260605_081731,100000,9,28,0.0785,0.0785,0.0555,True,skip_round_zero_TARGET_9-18-27-28,0.001090000000000,0.001020000000000,0.000000000000000,240.0
260605_073355,100000,9,26,0.0785,0.0785,0.0555,True,adaptive_round_global_joint_success_parity_zero_TARGET_9-18-26,0.000450000000000,0.000430000000000,0.000000000000000,303.1032
260605_074740,100000,9,27,0.0785,0.0785,0.0555,True,adaptive_round_global_joint_success_parity_zero_TARGET_9-18-27,0.000550000000000,0.000510000000000,0.000000000000000,304.9724
260605_001203,100000,7,48,0.0785,0.0785,0.0555,True,adaptive_round_global_joint_success_parity_zero_TARGET_7-14-21-28-35-42-48,0.003350000000000,0.003500000000000,0.000010000000000,572.64672
260605_083823,100000,9,29,0.0785,0.0785,0.0555,True,skip_round_zero_TARGET_9-18-27-29,0.001170000000000,0.001270000000000,0.000010000000000,240.0
260605_090617,100000,9,30,0.0785,0.0785,0.0555,True,skip_round_zero_TARGET_9-18-27-30,0.001360000000000,0.001410000000000,0.000000000000000,240.0
260605_010752,100000,7,49,0.0785,0.0785,0.0555,True,adaptive_round_global_joint_success_parity_zero_TARGET_7-14-21-28-35-42-49,0.003520000000000,0.003190000000000,0.000020000000000,576.05688
260605_094712,100000,9,31,0.0785,0.0785,0.0555,True,skip_round_zero_TARGET_9-18-27-31,0.001290000000000,0.001380000000000,0.000000000000000,240.0
260605_081459,100000,9,28,0.0785,0.0785,0.0555,True,adaptive_round_global_joint_success_parity_zero_TARGET_9-18-27-28,0.000620000000000,0.000460000000000,0.000000000000000,384.9876
260605_101156,100000,9,32,0.0785,0.0785,0.0555,True,skip_round_zero_TARGET_9-18-27-32,0.001480000000000,0.001290000000000,0.000000000000000,240.0
260605_103658,100000,9,33,0.0785,0.0785,0.0555,True,skip_round_zero_TARGET_9-18-27-33,0.001580000000000,0.001530000000000,0.000000000000000,240.0
260605_083259,100000,9,29,0.0785,0.0785,0.0555,True,adaptive_round_global_joint_success_parity_zero_TARGET_9-18-27-29,0.000600000000000,0.000790000000000,0.000000000000000,417.9776
260605_113033,100000,9,34,0.0785,0.0785,0.0555,True,skip_round_zero_TARGET_9-18-27-34,0.001450000000000,0.001620000000000,0.000000000000000,240.0
260605_115323,100000,9,35,0.0785,0.0785,0.0555,True,skip_round_zero_TARGET_9-18-27-35,0.001930000000000,0.001690000000000,0.000000000000000,240.0
260605_015127,100000,7,50,0.0785,0.0785,0.0555,True,adaptive_round_global_joint_success_parity_zero_TARGET_7-14-21-28-35-42-49-50,0.003640000000000,0.003970000000000,0.000020000000000,624.43728
260605_090148,100000,9,30,0.0785,0.0785,0.0555,True,adaptive_round_global_joint_success_parity_zero_TARGET_9-18-27-30,0.000870000000000,0.000800000000000,0.000000000000000,432.5656
260605_121632,100000,9,36,0.0785,0.0785,0.0555,True,skip_round_zero_TARGET_9-18-27-36,0.001770000000000,0.001640000000000,0.000010000000000,240.0
260605_093622,100000,9,31,0.0785,0.0785,0.0555,True,adaptive_round_global_joint_success_parity_zero_TARGET_9-18-27-31,0.000770000000000,0.001050000000000,0.000000000000000,438.1896
260605_095307,100000,9,32,0.0785,0.0785,0.0555,True,adaptive_round_global_joint_success_parity_zero_TARGET_9-18-27-32,0.000840000000000,0.000910000000000,0.000000000000000,442.41
260605_101450,100000,9,33,0.0785,0.0785,0.0555,True,adaptive_round_global_joint_success_parity_zero_TARGET_9-18-27-33,0.001010000000000,0.000870000000000,0.000000000000000,445.2884
260605_104608,100000,9,34,0.0785,0.0785,0.0555,True,adaptive_round_global_joint_success_parity_zero_TARGET_9-18-27-34,0.000760000000000,0.001000000000000,0.000000000000000,447.4796
260605_133424,100000,9,37,0.0785,0.0785,0.0555,True,skip_round_zero_TARGET_9-18-27-36-37,0.002160000000000,0.002170000000000,0.000000000000000,320.0
260605_140457,100000,9,38,0.0785,0.0785,0.0555,True,skip_round_zero_TARGET_9-18-27-36-38,0.002460000000000,0.002400000000000,0.000010000000000,320.0
260605_113223,100000,9,35,0.0785,0.0785,0.0555,True,adaptive_round_global_joint_success_parity_zero_TARGET_9-18-27-35,0.000900000000000,0.000980000000000,0.000000000000000,448.8444
260605_120700,100000,9,36,0.0785,0.0785,0.0555,True,adaptive_round_global_joint_success_parity_zero_TARGET_9-18-27-36,0.000910000000000,0.001070000000000,0.000010000000000,451.0884
260605_150708,100000,9,39,0.0785,0.0785,0.0555,True,skip_round_zero_TARGET_9-18-27-36-39,0.002520000000000,0.002800000000000,0.000010000000000,320.0
260605_160720,100000,9,40,0.0785,0.0785,0.0555,True,skip_round_zero_TARGET_9-18-27-36-40,0.002530000000000,0.002600000000000,0.000020000000000,320.0
260605_164620,100000,9,41,0.0785,0.0785,0.0555,True,skip_round_zero_TARGET_9-18-27-36-41,0.002690000000000,0.002500000000000,0.000010000000000,320.0
260605_172524,100000,9,42,0.0785,0.0785,0.0555,True,skip_round_zero_TARGET_9-18-27-36-42,0.003070000000000,0.002830000000000,0.000000000000000,320.0
260605_130114,100000,9,37,0.0785,0.0785,0.0555,True,adaptive_round_global_joint_success_parity_zero_TARGET_9-18-27-36-37,0.001170000000000,0.001070000000000,0.000010000000000,531.2208
260605_185314,100000,9,43,0.0785,0.0785,0.0555,True,skip_round_zero_TARGET_9-18-27-36-43,0.003220000000000,0.003050000000000,0.000020000000000,320.0
260605_135119,100000,9,38,0.0785,0.0785,0.0555,True,adaptive_round_global_joint_success_parity_zero_TARGET_9-18-27-36-38,0.001340000000000,0.001280000000000,0.000000000000000,563.6864
260605_204208,100000,9,44,0.0785,0.0785,0.0555,True,skip_round_zero_TARGET_9-18-27-36-44,0.003460000000000,0.003380000000000,0.000000000000000,320.0
260605_142312,100000,9,39,0.0785,0.0785,0.0555,True,adaptive_round_global_joint_success_parity_zero_TARGET_9-18-27-36-39,0.001360000000000,0.001400000000000,0.000010000000000,577.8044
260606_073730,100000,7,1,0.0785,0.0785,0.0555,True,adaptive_global_joint_success_parity_zero,0.000000000000000,0.000000000000000,0.000000000000000,0.00624
260606_073846,100000,7,1,0.0785,0.0785,0.0555,True,skip_zero,0.000000000000000,0.000000000000000,0.000000000000000,0.0
260606_074004,100000,7,2,0.0785,0.0785,0.0555,True,adaptive_global_joint_success_parity_zero,0.000000000000000,0.000000000000000,0.000000000000000,2.19744
260606_074228,100000,7,2,0.0785,0.0785,0.0555,True,skip_zero,0.000000000000000,0.000000000000000,0.000000000000000,0.0
260606_074451,100000,7,3,0.0785,0.0785,0.0555,True,adaptive_global_joint_success_parity_zero,0.000000000000000,0.000000000000000,0.000000000000000,5.26368
260606_074822,100000,7,3,0.0785,0.0785,0.0555,True,skip_zero,0.000000000000000,0.000000000000000,0.000000000000000,0.0
260606_075149,100000,7,4,0.0785,0.0785,0.0555,True,adaptive_global_joint_success_parity_zero,0.000000000000000,0.000000000000000,0.000000000000000,8.5248
260606_075627,100000,7,4,0.0785,0.0785,0.0555,True,skip_zero,0.000000000000000,0.000000000000000,0.000000000000000,0.0
260605_214926,100000,9,45,0.0785,0.0785,0.0555,True,skip_round_zero_TARGET_9-18-27-36-45,0.003280000000000,0.003450000000000,0.000010000000000,320.0
260606_080106,100000,7,5,0.0785,0.0785,0.0555,True,adaptive_global_joint_success_parity_zero,0.000000000000000,0.000000000000000,0.000000000000000,11.856
260606_080314,100000,7,5,0.0785,0.0785,0.0555,True,skip_zero,0.000000000000000,0.000000000000000,0.000000000000000,0.0
260606_080652,100000,7,6,0.0785,0.0785,0.0555,True,adaptive_global_joint_success_parity_zero,0.000000000000000,0.000000000000000,0.000000000000000,15.32256
260606_080853,100000,7,6,0.0785,0.0785,0.0555,True,skip_zero,0.000000000000000,0.000000000000000,0.000000000000000,0.0
260606_081354,100000,7,7,0.0785,0.0785,0.0555,True,adaptive_global_joint_success_parity_zero,0.000000000000000,0.000010000000000,0.000000000000000,18.7224
260606_081541,100000,7,7,0.0785,0.0785,0.0555,True,skip_zero,0.000000000000000,0.000000000000000,0.000000000000000,0.0
260606_082230,100000,7,8,0.0785,0.0785,0.0555,True,adaptive_global_joint_success_parity_zero,0.000030000000000,0.000020000000000,0.000000000000000,22.18896
260606_082334,100000,7,8,0.0785,0.0785,0.0555,True,skip_zero,0.000010000000000,0.000000000000000,0.000000000000000,0.0
260606_083234,100000,7,9,0.0785,0.0785,0.0555,True,skip_zero,0.000000000000000,0.000000000000000,0.000000000000000,0.0
260606_083210,100000,7,9,0.0785,0.0785,0.0555,True,adaptive_global_joint_success_parity_zero,0.000030000000000,0.000040000000000,0.000000000000000,25.52856
260606_084303,100000,7,10,0.0785,0.0785,0.0555,True,skip_zero,0.000010000000000,0.000020000000000,0.000000000000000,0.0
260606_084245,100000,7,10,0.0785,0.0785,0.0555,True,adaptive_global_joint_success_parity_zero,0.000050000000000,0.000040000000000,0.000000000000000,29.26272
260606_085501,100000,7,11,0.0785,0.0785,0.0555,True,skip_zero,0.000000000000000,0.000030000000000,0.000000000000000,0.0
260606_085422,100000,7,11,0.0785,0.0785,0.0555,True,adaptive_global_joint_success_parity_zero,0.000070000000000,0.000080000000000,0.000000000000000,32.60232
260606_090813,100000,7,12,0.0785,0.0785,0.0555,True,skip_zero,0.000040000000000,0.000060000000000,0.000000000000000,0.0
260606_090728,100000,7,12,0.0785,0.0785,0.0555,True,adaptive_global_joint_success_parity_zero,0.000090000000000,0.000130000000000,0.000000000000000,35.93016
260606_092241,100000,7,13,0.0785,0.0785,0.0555,True,skip_zero,0.000080000000000,0.000140000000000,0.000000000000000,0.0
260606_092158,100000,7,13,0.0785,0.0785,0.0555,True,adaptive_global_joint_success_parity_zero,0.000150000000000,0.000140000000000,0.000000000000000,39.37272
260605_153501,100000,9,40,0.0785,0.0785,0.0555,True,adaptive_round_global_joint_success_parity_zero_TARGET_9-18-27-36-40,0.001450000000000,0.001450000000000,0.000000000000000,585.0988
260606_093842,100000,7,14,0.0785,0.0785,0.0555,True,skip_zero,0.000130000000000,0.000130000000000,0.000000000000000,0.0
260606_093746,100000,7,14,0.0785,0.0785,0.0555,True,adaptive_global_joint_success_parity_zero,0.000160000000000,0.000230000000000,0.000000000000000,43.21368
260606_094451,100000,7,15,0.0785,0.0785,0.0555,True,adaptive_global_joint_success_parity_zero,0.000340000000000,0.000250000000000,0.000000000000000,46.53696
260606_095438,100000,7,15,0.0785,0.0785,0.0555,True,skip_zero,0.000230000000000,0.000170000000000,0.000000000000000,0.0
260606_095559,100000,7,16,0.0785,0.0785,0.0555,True,adaptive_global_joint_success_parity_zero,0.000390000000000,0.000270000000000,0.000000000000000,49.59216
260606_100435,100000,7,16,0.0785,0.0785,0.0555,True,skip_zero,0.000230000000000,0.000300000000000,0.000000000000000,0.0
260606_101157,100000,7,17,0.0785,0.0785,0.0555,True,adaptive_global_joint_success_parity_zero,0.000510000000000,0.000390000000000,0.000000000000000,53.00664
260606_101755,100000,7,17,0.0785,0.0785,0.0555,True,skip_zero,0.000510000000000,0.000360000000000,0.000000000000000,0.0
260606_102257,100000,7,18,0.0785,0.0785,0.0555,True,adaptive_global_joint_success_parity_zero,0.000610000000000,0.000600000000000,0.000000000000000,56.58216
260606_103533,100000,7,18,0.0785,0.0785,0.0555,True,skip_zero,0.000530000000000,0.000720000000000,0.000000000000000,0.0
260606_103743,100000,7,19,0.0785,0.0785,0.0555,True,adaptive_global_joint_success_parity_zero,0.000630000000000,0.000800000000000,0.000000000000000,60.3108
260606_104823,100000,7,19,0.0785,0.0785,0.0555,True,skip_zero,0.000730000000000,0.000770000000000,0.000000000000000,0.0
260606_105620,100000,7,20,0.0785,0.0785,0.0555,True,adaptive_global_joint_success_parity_zero,0.000790000000000,0.001010000000000,0.000000000000000,63.25536
260606_110535,100000,7,20,0.0785,0.0785,0.0555,True,skip_zero,0.000780000000000,0.000990000000000,0.000010000000000,0.0
260606_111028,100000,7,21,0.0785,0.0785,0.0555,True,adaptive_global_joint_success_parity_zero,0.001100000000000,0.001110000000000,0.000000000000000,67.09488
260605_164243,100000,9,41,0.0785,0.0785,0.0555,True,adaptive_round_global_joint_success_parity_zero_TARGET_9-18-27-36-41,0.001380000000000,0.001480000000000,0.000010000000000,588.4568
260606_112547,100000,7,21,0.0785,0.0785,0.0555,True,skip_zero,0.001250000000000,0.001310000000000,0.000000000000000,0.0
260606_112853,100000,7,22,0.0785,0.0785,0.0555,True,adaptive_global_joint_success_parity_zero,0.001360000000000,0.001410000000000,0.000000000000000,70.17192
260606_114213,100000,7,22,0.0785,0.0785,0.0555,True,skip_zero,0.001650000000000,0.001490000000000,0.000000000000000,0.0
260606_114848,100000,7,23,0.0785,0.0785,0.0555,True,skip_zero,0.002070000000000,0.002110000000000,0.000010000000000,0.0
260606_114607,100000,7,23,0.0785,0.0785,0.0555,True,adaptive_global_joint_success_parity_zero,0.001550000000000,0.001400000000000,0.000000000000000,73.87272
260605_225506,100000,9,46,0.0785,0.0785,0.0555,True,skip_round_zero_TARGET_9-18-27-36-45-46,0.004200000000000,0.003640000000000,0.000000000000000,400.0
260606_120802,100000,7,24,0.0785,0.0785,0.0555,True,skip_zero,0.002540000000000,0.002590000000000,0.000000000000000,0.0
260606_120325,100000,7,24,0.0785,0.0785,0.0555,True,adaptive_global_joint_success_parity_zero,0.001800000000000,0.001790000000000,0.000000000000000,77.14968
260606_122259,100000,7,25,0.0785,0.0785,0.0555,True,skip_zero,0.002830000000000,0.002820000000000,0.000010000000000,0.0
260606_121609,100000,7,25,0.0785,0.0785,0.0555,True,adaptive_global_joint_success_parity_zero,0.001970000000000,0.001800000000000,0.000000000000000,80.79384
260606_123627,100000,7,26,0.0785,0.0785,0.0555,True,skip_zero,0.003420000000000,0.003270000000000,0.000020000000000,0.0
260606_123553,100000,7,26,0.0785,0.0785,0.0555,True,adaptive_global_joint_success_parity_zero,0.002540000000000,0.002280000000000,0.000000000000000,83.68944
260606_125358,100000,7,27,0.0785,0.0785,0.0555,True,skip_zero,0.004550000000000,0.004300000000000,0.000010000000000,0.0
260605_165431,100000,9,42,0.0785,0.0785,0.0555,True,adaptive_round_global_joint_success_parity_zero_TARGET_9-18-27-36-42,0.001470000000000,0.001380000000000,0.000000000000000,590.8712
260606_124306,100000,7,27,0.0785,0.0785,0.0555,True,adaptive_global_joint_success_parity_zero,0.002460000000000,0.002750000000000,0.000000000000000,87.94008
260606_130803,100000,7,28,0.0785,0.0785,0.0555,True,skip_zero,0.004820000000000,0.005230000000000,0.000020000000000,0.0
260606_125849,100000,7,28,0.0785,0.0785,0.0555,True,adaptive_global_joint_success_parity_zero,0.003010000000000,0.002730000000000,0.000010000000000,91.2024
260606_132636,100000,7,29,0.0785,0.0785,0.0555,True,skip_zero,0.005700000000000,0.005960000000000,0.000030000000000,0.0
260606_133259,100000,7,30,0.0785,0.0785,0.0555,True,skip_zero,0.007160000000000,0.007050000000000,0.000050000000000,0.0
260606_132129,100000,7,29,0.0785,0.0785,0.0555,True,adaptive_global_joint_success_parity_zero,0.003640000000000,0.003310000000000,0.000010000000000,94.43184
260606_132654,100000,7,30,0.0785,0.0785,0.0555,True,adaptive_global_joint_success_parity_zero,0.003720000000000,0.003880000000000,0.000030000000000,97.73328
260606_135045,100000,7,31,0.0785,0.0785,0.0555,True,skip_zero,0.008720000000000,0.007580000000000,0.000050000000000,0.0
260606_134237,100000,7,31,0.0785,0.0785,0.0555,True,adaptive_global_joint_success_parity_zero,0.004460000000000,0.004060000000000,0.000000000000000,101.22792
260606_141029,100000,7,32,0.0785,0.0785,0.0555,True,skip_zero,0.009250000000000,0.009020000000000,0.000080000000000,0.0
260606_002310,100000,9,47,0.0785,0.0785,0.0555,True,skip_round_zero_TARGET_9-18-27-36-45-47,0.004240000000000,0.003950000000000,0.000050000000000,400.0
260606_142715,100000,7,33,0.0785,0.0785,0.0555,True,skip_zero,0.011280000000000,0.010540000000000,0.000180000000000,0.0
260606_140232,100000,7,32,0.0785,0.0785,0.0555,True,adaptive_global_joint_success_parity_zero,0.004880000000000,0.005090000000000,0.000000000000000,104.53896
260605_180254,100000,9,43,0.0785,0.0785,0.0555,True,adaptive_round_global_joint_success_parity_zero_TARGET_9-18-27-36-43,0.001720000000000,0.001590000000000,0.000000000000000,593.1988
260606_141739,100000,7,33,0.0785,0.0785,0.0555,True,adaptive_global_joint_success_parity_zero,0.005120000000000,0.005070000000000,0.000010000000000,108.31968
260606_144618,100000,7,34,0.0785,0.0785,0.0555,True,skip_zero,0.011820000000000,0.012040000000000,0.000200000000000,0.0
260606_142930,100000,7,34,0.0785,0.0785,0.0555,True,adaptive_global_joint_success_parity_zero,0.006120000000000,0.004840000000000,0.000030000000000,111.60384
260606_145933,100000,7,35,0.0785,0.0785,0.0555,True,skip_zero,0.013320000000000,0.013080000000000,0.000230000000000,0.0
260606_151049,100000,7,36,0.0785,0.0785,0.0555,True,skip_zero,0.015520000000000,0.014960000000000,0.000180000000000,0.0
260606_145114,100000,7,35,0.0785,0.0785,0.0555,True,adaptive_global_joint_success_parity_zero,0.006510000000000,0.005900000000000,0.000040000000000,115.1544
260606_152939,100000,7,37,0.0785,0.0785,0.0555,True,skip_zero,0.017180000000000,0.017270000000000,0.000260000000000,0.0
260606_150928,100000,7,36,0.0785,0.0785,0.0555,True,adaptive_global_joint_success_parity_zero,0.006620000000000,0.006740000000000,0.000030000000000,118.7424
260606_154529,100000,7,38,0.0785,0.0785,0.0555,True,skip_zero,0.019440000000000,0.018920000000000,0.000290000000000,0.0
260606_151115,100000,7,37,0.0785,0.0785,0.0555,True,adaptive_global_joint_success_parity_zero,0.007110000000000,0.007800000000000,0.000080000000000,121.77576
260606_155735,100000,7,39,0.0785,0.0785,0.0555,True,skip_zero,0.020840000000000,0.021890000000000,0.000580000000000,0.0
260606_153011,100000,7,38,0.0785,0.0785,0.0555,True,adaptive_global_joint_success_parity_zero,0.007830000000000,0.008090000000000,0.000110000000000,125.14152
260606_161814,100000,7,40,0.0785,0.0785,0.0555,True,skip_zero,0.023600000000000,0.023230000000000,0.000580000000000,0.0
260606_154535,100000,7,39,0.0785,0.0785,0.0555,True,adaptive_global_joint_success_parity_zero,0.008620000000000,0.008970000000000,0.000060000000000,128.8104
260606_163524,100000,7,41,0.0785,0.0785,0.0555,True,skip_zero,0.025720000000000,0.025030000000000,0.000710000000000,0.0
260605_194304,100000,9,44,0.0785,0.0785,0.0555,True,adaptive_round_global_joint_success_parity_zero_TARGET_9-18-27-36-44,0.001250000000000,0.001600000000000,0.000020000000000,595.4716
260606_022715,100000,9,48,0.0785,0.0785,0.0555,True,skip_round_zero_TARGET_9-18-27-36-45-48,0.004640000000000,0.004290000000000,0.000010000000000,400.0
260606_164920,100000,7,42,0.0785,0.0785,0.0555,True,skip_zero,0.027420000000000,0.027990000000000,0.000850000000000,0.0
260606_161153,100000,7,40,0.0785,0.0785,0.0555,True,adaptive_global_joint_success_parity_zero,0.009100000000000,0.009430000000000,0.000070000000000,132.38568
260606_171156,100000,7,43,0.0785,0.0785,0.0555,True,skip_zero,0.029760000000000,0.030850000000000,0.000850000000000,0.0
260606_163433,100000,7,41,0.0785,0.0785,0.0555,True,adaptive_global_joint_success_parity_zero,0.009710000000000,0.009920000000000,0.000100000000000,136.13064
260606_173051,100000,7,44,0.0785,0.0785,0.0555,True,skip_zero,0.034880000000000,0.032790000000000,0.001240000000000,0.0
260606_164120,100000,7,42,0.0785,0.0785,0.0555,True,adaptive_global_joint_success_parity_zero,0.010830000000000,0.010770000000000,0.000060000000000,139.0524
260606_174235,100000,7,45,0.0785,0.0785,0.0555,True,skip_zero,0.036400000000000,0.036470000000000,0.001430000000000,0.0
260606_175825,100000,7,46,0.0785,0.0785,0.0555,True,skip_zero,0.037560000000000,0.038720000000000,0.001490000000000,0.0
260606_170517,100000,7,43,0.0785,0.0785,0.0555,True,adaptive_global_joint_success_parity_zero,0.011420000000000,0.012280000000000,0.000080000000000,142.4868
260606_172558,100000,7,44,0.0785,0.0785,0.0555,True,adaptive_global_joint_success_parity_zero,0.012190000000000,0.012030000000000,0.000150000000000,145.75896
260606_183058,100000,7,47,0.0785,0.0785,0.0555,True,skip_zero,0.042090000000000,0.043290000000000,0.001920000000000,0.0
260605_204317,100000,9,45,0.0785,0.0785,0.0555,True,adaptive_round_global_joint_success_parity_zero_TARGET_9-18-27-36-45,0.001520000000000,0.001680000000000,0.000000000000000,596.2892
260606_184025,100000,7,48,0.0785,0.0785,0.0555,True,skip_zero,0.044320000000000,0.044960000000000,0.002110000000000,0.0
260606_174138,100000,7,45,0.0785,0.0785,0.0555,True,adaptive_global_joint_success_parity_zero,0.012210000000000,0.012950000000000,0.000130000000000,149.65344
260606_174545,100000,7,46,0.0785,0.0785,0.0555,True,adaptive_global_joint_success_parity_zero,0.013010000000000,0.013860000000000,0.000180000000000,152.75472
260606_190256,100000,7,49,0.0785,0.0785,0.0555,True,skip_zero,0.047650000000000,0.047070000000000,0.002900000000000,0.0
260606_042806,100000,9,49,0.0785,0.0785,0.0555,True,skip_round_zero_TARGET_9-18-27-36-45-49,0.004710000000000,0.004470000000000,0.000070000000000,400.0
260606_193549,100000,7,50,0.0785,0.0785,0.0555,True,skip_zero,0.050830000000000,0.051470000000000,0.003060000000000,0.0
260606_181031,100000,7,47,0.0785,0.0785,0.0555,True,adaptive_global_joint_success_parity_zero,0.014100000000000,0.013750000000000,0.000250000000000,156.70344
260606_183117,100000,7,48,0.0785,0.0785,0.0555,True,adaptive_global_joint_success_parity_zero,0.015160000000000,0.015250000000000,0.000190000000000,159.33672
260606_184754,100000,7,49,0.0785,0.0785,0.0555,True,adaptive_global_joint_success_parity_zero,0.015610000000000,0.016130000000000,0.000320000000000,162.84144
260606_191102,100000,7,50,0.0785,0.0785,0.0555,True,adaptive_global_joint_success_parity_zero,0.016110000000000,0.017230000000000,0.000280000000000,166.77264
260606_063421,100000,9,50,0.0785,0.0785,0.0555,True,skip_round_zero_TARGET_9-18-27-36-45-50,0.004950000000000,0.004300000000000,0.000000000000000,400.0
260605_220415,100000,9,46,0.0785,0.0785,0.0555,True,adaptive_round_global_joint_success_parity_zero_TARGET_9-18-27-36-45-46,0.001640000000000,0.001840000000000,0.000000000000000,677.1624
260605_231611,100000,9,47,0.0785,0.0785,0.0555,True,adaptive_round_global_joint_success_parity_zero_TARGET_9-18-27-36-45-47,0.001750000000000,0.001890000000000,0.000000000000000,710.25
260606_014022,100000,9,48,0.0785,0.0785,0.0555,True,adaptive_round_global_joint_success_parity_zero_TARGET_9-18-27-36-45-48,0.001760000000000,0.001990000000000,0.000000000000000,724.2316
260606_031022,100000,9,49,0.0785,0.0785,0.0555,True,adaptive_round_global_joint_success_parity_zero_TARGET_9-18-27-36-45-49,0.002180000000000,0.001840000000000,0.000000000000000,731.5672
260606_060522,100000,9,50,0.0785,0.0785,0.0555,True,adaptive_round_global_joint_success_parity_zero_TARGET_9-18-27-36-45-50,0.001970000000000,0.001920000000000,0.000000000000000,734.9252
260608_173838,100000,5,1,0.0785,0.0785,0.0555,True,default_tracking,0.000000000000000,0.000000000000000,0.000000000000000,24.0
260608_173838,100000,5,2,0.0785,0.0785,0.0555,True,default_tracking,0.000050000000000,0.000090000000000,0.000000000000000,48.0
260608_173838,100000,5,3,0.0785,0.0785,0.0555,True,default_tracking,0.000280000000000,0.000210000000000,0.000000000000000,72.0
260608_173833,100000,5,4,0.0785,0.0785,0.0555,True,default_tracking,0.000550000000000,0.000610000000000,0.000000000000000,96.0
260608_173833,100000,5,5,0.0785,0.0785,0.0555,True,default_tracking,0.000860000000000,0.000900000000000,0.000000000000000,120.0
260608_173833,100000,5,6,0.0785,0.0785,0.0555,True,default_tracking,0.001250000000000,0.001350000000000,0.000000000000000,144.0
260608_173833,100000,5,7,0.0785,0.0785,0.0555,True,default_tracking,0.001600000000000,0.001350000000000,0.000000000000000,168.0
260608_173833,100000,5,8,0.0785,0.0785,0.0555,True,default_tracking,0.002000000000000,0.002330000000000,0.000000000000000,192.0
260608_173833,100000,5,9,0.0785,0.0785,0.0555,True,default_tracking,0.002560000000000,0.002510000000000,0.000020000000000,216.0
260608_173830,100000,5,10,0.0785,0.0785,0.0555,True,default_tracking,0.002950000000000,0.003130000000000,0.000000000000000,240.0
260608_173830,100000,5,11,0.0785,0.0785,0.0555,True,default_tracking,0.003230000000000,0.003070000000000,0.000020000000000,264.0
260608_173830,100000,5,12,0.0785,0.0785,0.0555,True,default_tracking,0.003430000000000,0.003270000000000,0.000000000000000,288.0
260608_173830,100000,5,13,0.0785,0.0785,0.0555,True,default_tracking,0.003720000000000,0.004000000000000,0.000010000000000,312.0
260608_173830,100000,5,14,0.0785,0.0785,0.0555,True,default_tracking,0.004080000000000,0.004100000000000,0.000000000000000,336.0
260608_173830,100000,5,15,0.0785,0.0785,0.0555,True,default_tracking,0.004800000000000,0.004900000000000,0.000020000000000,360.0
260608_173929,100000,5,16,0.0785,0.0785,0.0555,True,default_tracking,0.005260000000000,0.005040000000000,0.000030000000000,384.0
260608_174014,100000,5,17,0.0785,0.0785,0.0555,True,default_tracking,0.005490000000000,0.005270000000000,0.000010000000000,408.0
260608_174102,100000,5,18,0.0785,0.0785,0.0555,True,default_tracking,0.005610000000000,0.005880000000000,0.000020000000000,432.0
260608_174201,100000,5,19,0.0785,0.0785,0.0555,True,default_tracking,0.006570000000000,0.005900000000000,0.000000000000000,456.0
260608_174313,100000,5,20,0.0785,0.0785,0.0555,True,default_tracking,0.006580000000000,0.006330000000000,0.000070000000000,480.0
260608_174501,100000,5,21,0.0785,0.0785,0.0555,True,default_tracking,0.007160000000000,0.007290000000000,0.000050000000000,504.0
260608_174633,100000,5,22,0.0785,0.0785,0.0555,True,default_tracking,0.006920000000000,0.007070000000000,0.000080000000000,528.0
260608_174851,100000,5,23,0.0785,0.0785,0.0555,True,default_tracking,0.007800000000000,0.007610000000000,0.000100000000000,552.0
260608_175126,100000,5,24,0.0785,0.0785,0.0555,True,default_tracking,0.008180000000000,0.008560000000000,0.000100000000000,576.0
260608_175431,100000,5,25,0.0785,0.0785,0.0555,True,default_tracking,0.008430000000000,0.008270000000000,0.000090000000000,600.0
260608_175829,100000,5,26,0.0785,0.0785,0.0555,True,default_tracking,0.009110000000000,0.008640000000000,0.000090000000000,624.0
260608_180208,100000,5,27,0.0785,0.0785,0.0555,True,default_tracking,0.008950000000000,0.009600000000000,0.000080000000000,648.0
260608_173838,100000,9,9,0.0785,0.0785,0.0555,True,default_tracking,0.000180000000000,0.000210000000000,0.000000000000000,720.0
260608_180709,100000,5,28,0.0785,0.0785,0.0555,True,default_tracking,0.009170000000000,0.009820000000000,0.000110000000000,672.0
260608_181258,100000,5,29,0.0785,0.0785,0.0555,True,default_tracking,0.010450000000000,0.009490000000000,0.000070000000000,696.0
260608_173838,100000,9,10,0.0785,0.0785,0.0555,True,default_tracking,0.000140000000000,0.000270000000000,0.000000000000000,800.0
260608_181925,100000,5,30,0.0785,0.0785,0.0555,True,default_tracking,0.009480000000000,0.009910000000000,0.000110000000000,720.0
260608_182907,100000,5,31,0.0785,0.0785,0.0555,True,default_tracking,0.011710000000000,0.010650000000000,0.000050000000000,744.0
260608_183653,100000,5,32,0.0785,0.0785,0.0555,True,default_tracking,0.011450000000000,0.010330000000000,0.000100000000000,768.0
260608_173838,100000,9,11,0.0785,0.0785,0.0555,True,default_tracking,0.000310000000000,0.000210000000000,0.000000000000000,880.0
260608_184742,100000,5,33,0.0785,0.0785,0.0555,True,default_tracking,0.011400000000000,0.011340000000000,0.000110000000000,792.0
260608_190146,100000,5,34,0.0785,0.0785,0.0555,True,default_tracking,0.012010000000000,0.011830000000000,0.000120000000000,816.0
260608_190959,100000,5,35,0.0785,0.0785,0.0555,True,default_tracking,0.012810000000000,0.012330000000000,0.000090000000000,840.0
260608_192454,100000,5,36,0.0785,0.0785,0.0555,True,default_tracking,0.012230000000000,0.012340000000000,0.000180000000000,864.0
260608_194051,100000,5,37,0.0785,0.0785,0.0555,True,default_tracking,0.012850000000000,0.013050000000000,0.000090000000000,888.0
260608_195636,100000,5,38,0.0785,0.0785,0.0555,True,default_tracking,0.013630000000000,0.012310000000000,0.000120000000000,912.0
260608_201439,100000,5,39,0.0785,0.0785,0.0555,True,default_tracking,0.013380000000000,0.013610000000000,0.000160000000000,936.0
260608_203444,100000,5,40,0.0785,0.0785,0.0555,True,default_tracking,0.014270000000000,0.013660000000000,0.000180000000000,960.0
260608_205643,100000,5,41,0.0785,0.0785,0.0555,True,default_tracking,0.014690000000000,0.013310000000000,0.000250000000000,984.0
260608_212235,100000,5,42,0.0785,0.0785,0.0555,True,default_tracking,0.014240000000000,0.014600000000000,0.000200000000000,1008.0
260608_212351,100000,5,43,0.0785,0.0785,0.0555,True,default_tracking,0.014840000000000,0.014630000000000,0.000210000000000,1032.0
260609_113301,100000,9,1,0.0785,0.0785,0.0555,True,default_tracking,0.000000000000000,0.000000000000000,0.000000000000000,80.0
260609_113341,100000,9,2,0.0785,0.0785,0.0555,True,default_tracking,0.000000000000000,0.000000000000000,0.000000000000000,160.0
260609_113415,100000,9,3,0.0785,0.0785,0.0555,True,default_tracking,0.000000000000000,0.000000000000000,0.000000000000000,240.0
260609_113450,100000,9,4,0.0785,0.0785,0.0555,True,default_tracking,0.000010000000000,0.000020000000000,0.000000000000000,320.0
260608_214652,100000,5,44,0.0785,0.0785,0.0555,True,default_tracking,0.015300000000000,0.014400000000000,0.000310000000000,1056.0
260609_113512,100000,9,5,0.0785,0.0785,0.0555,True,default_tracking,0.000040000000000,0.000030000000000,0.000000000000000,400.0
260609_113527,100000,9,6,0.0785,0.0785,0.0555,True,default_tracking,0.000060000000000,0.000050000000000,0.000000000000000,480.0
260609_113932,100000,9,7,0.0785,0.0785,0.0555,True,default_tracking,0.000080000000000,0.000110000000000,0.000000000000000,560.0
260608_221454,100000,5,45,0.0785,0.0785,0.0555,True,default_tracking,0.015950000000000,0.015580000000000,0.000200000000000,1080.0
260609_114010,100000,9,8,0.0785,0.0785,0.0555,True,default_tracking,0.000060000000000,0.000210000000000,0.000000000000000,640.0
260609_114140,100000,9,9,0.0785,0.0785,0.0555,True,default_tracking,0.000160000000000,0.000140000000000,0.000000000000000,720.0
260608_224550,100000,5,46,0.0785,0.0785,0.0555,True,default_tracking,0.015900000000000,0.016070000000000,0.000250000000000,1104.0
260608_224747,100000,5,47,0.0785,0.0785,0.0555,True,default_tracking,0.016380000000000,0.015770000000000,0.000270000000000,1128.0
260609_114216,100000,9,10,0.0785,0.0785,0.0555,True,default_tracking,0.000170000000000,0.000140000000000,0.000000000000000,800.0
260609_114512,100000,9,11,0.0785,0.0785,0.0555,True,default_tracking,0.000230000000000,0.000230000000000,0.000000000000000,880.0
260608_232533,100000,5,48,0.0785,0.0785,0.0555,True,default_tracking,0.017250000000000,0.016480000000000,0.000280000000000,1152.0
260609_000115,100000,5,49,0.0785,0.0785,0.0555,True,default_tracking,0.017650000000000,0.016700000000000,0.000260000000000,1176.0
260609_114603,100000,9,12,0.0785,0.0785,0.0555,True,default_tracking,0.000280000000000,0.000250000000000,0.000000000000000,960.0
260609_002152,100000,5,50,0.0785,0.0785,0.0555,True,default_tracking,0.017590000000000,0.017360000000000,0.000200000000000,1200.0
260609_114809,100000,9,13,0.0785,0.0785,0.0555,True,default_tracking,0.000250000000000,0.000230000000000,0.000000000000000,1040.0
260609_115223,100000,9,14,0.0785,0.0785,0.0555,True,default_tracking,0.000310000000000,0.000400000000000,0.000000000000000,1120.0
260609_120102,100000,9,15,0.0785,0.0785,0.0555,True,default_tracking,0.000390000000000,0.000410000000000,0.000000000000000,1200.0
260609_121043,100000,9,16,0.0785,0.0785,0.0555,True,default_tracking,0.000330000000000,0.000400000000000,0.000000000000000,1280.0
260609_122045,100000,9,17,0.0785,0.0785,0.0555,True,default_tracking,0.000330000000000,0.000410000000000,0.000000000000000,1360.0
260609_124918,100000,9,18,0.0785,0.0785,0.0555,True,default_tracking,0.000680000000000,0.000420000000000,0.000000000000000,1440.0
260609_133057,100000,9,19,0.0785,0.0785,0.0555,True,default_tracking,0.000700000000000,0.000430000000000,0.000000000000000,1520.0
260609_133810,100000,9,20,0.0785,0.0785,0.0555,True,default_tracking,0.000580000000000,0.000510000000000,0.000000000000000,1600.0
260609_142151,100000,9,21,0.0785,0.0785,0.0555,True,default_tracking,0.000450000000000,0.000490000000000,0.000000000000000,1680.0
260609_152651,100000,9,22,0.0785,0.0785,0.0555,True,default_tracking,0.000590000000000,0.000700000000000,0.000010000000000,1760.0
260609_152657,100000,9,23,0.0785,0.0785,0.0555,True,default_tracking,0.000550000000000,0.000480000000000,0.000000000000000,1840.0
